date,platform,campaign_type,industry,country,impressions,clicks,ad_spend,conversions,revenue,CTR,CPC,CPA,ROAS,Conversion_Rate,Flags
2024-01-21,Google Ads,Search,Fintech,UAE,59886,2113,2662.38,159,4803.43,0.0353,1.26,16.74,1.8,0.0752,Underperforming
2024-11-13,Google Ads,Shopping,Fintech,USA,8748,362,438.02,10,966.57,0.0414,1.21,43.8,2.21,0.0276,
2024-02-29,Google Ads,Shopping,SaaS,USA,116472,4006,10736.08,291,78428.38,0.0344,2.68,36.89,7.31,0.0726,
2024-11-01,Google Ads,Video,SaaS,Canada,34592,1615,1857.25,116,4344.96,0.0467,1.15,16.01,2.34,0.0718,
2024-11-13,Google Ads,Search,SaaS,UAE,188062,8143,14657.4,614,124232.5,0.0433,1.8,23.87,8.48,0.0754,
2024-04-09,Google Ads,Display,Healthcare,Australia,198824,9046,32656.06,407,71482.19,0.0455,3.61,80.24,2.19,0.045,
2024-08-29,Google Ads,Shopping,SaaS,UAE,105386,3783,6885.06,130,36776.35,0.0359,1.82,52.96,5.34,0.0344,
2024-09-05,Google Ads,Search,Healthcare,UAE,49425,1996,2534.92,98,9253.27,0.0404,1.27,25.87,3.65,0.0491,
2024-11-26,Google Ads,Video,Healthcare,Canada,11801,795,2361.15,57,3966.25,0.0674,2.97,41.42,1.68,0.0717,Underperforming
2024-02-27,Google Ads,Display,EdTech,India,35355,961,2133.42,68,6145.22,0.0272,2.22,31.37,2.88,0.0708,
2024-01-08,Google Ads,Search,Fintech,India,63243,1707,3823.68,37,3893.12,0.027,2.24,103.34,1.02,0.0217,"Underperforming, High Cost"
2024-08-20,Google Ads,Search,E-commerce,UAE,152979,4650,3673.5,330,91949.73,0.0304,0.79,11.13,25.03,0.071,
2024-01-08,Google Ads,Display,EdTech,USA,132600,6802,10407.06,97,6779.29,0.0513,1.53,107.29,0.65,0.0143,"Underperforming, High Cost"
2024-09-30,Google Ads,Video,Fintech,Australia,110977,4150,4689.5,197,18314.78,0.0374,1.13,23.8,3.91,0.0475,
2024-03-07,Google Ads,Search,EdTech,UK,87152,3599,9465.37,127,25958.5,0.0413,2.63,74.53,2.74,0.0353,
2024-04-27,Google Ads,Shopping,Healthcare,India,69323,2169,4750.11,94,16337.12,0.0313,2.19,50.53,3.44,0.0433,
2024-05-17,Google Ads,Display,SaaS,UAE,138291,3318,2753.94,217,12761.51,0.024,0.83,12.69,4.63,0.0654,
2024-12-04,Google Ads,Search,Healthcare,UAE,160002,7520,22259.2,403,70823.58,0.047,2.96,55.23,3.18,0.0536,
2024-06-05,Google Ads,Search,EdTech,Australia,25103,710,1661.4,24,1896.75,0.0283,2.34,69.23,1.14,0.0338,Underperforming
2024-06-30,Google Ads,Shopping,Fintech,Canada,72526,2146,3347.76,168,25859.74,0.0296,1.56,19.93,7.72,0.0783,
2024-06-13,Google Ads,Shopping,Fintech,Germany,132157,2999,2789.07,152,21855.26,0.0227,0.93,18.35,7.84,0.0507,
2024-05-13,Google Ads,Video,E-commerce,Australia,34402,1314,4323.06,17,1273.24,0.0382,3.29,254.3,0.29,0.0129,"Underperforming, High Cost"
2024-08-14,Google Ads,Shopping,EdTech,Canada,168059,3462,10662.96,154,33243.77,0.0206,3.08,69.24,3.12,0.0445,
2024-04-17,Google Ads,Display,E-commerce,UAE,115017,2771,7093.76,95,22528.38,0.0241,2.56,74.67,3.18,0.0343,
2024-04-08,Google Ads,Video,E-commerce,USA,198555,13104,32235.84,336,58794.32,0.066,2.46,95.94,1.82,0.0256,"Underperforming, High Cost"
2024-06-24,Google Ads,Display,Fintech,UAE,117217,5602,19550.98,411,75729.26,0.0478,3.49,47.57,3.87,0.0734,
2024-08-20,Google Ads,Search,Fintech,USA,170904,4751,5321.12,326,44297.15,0.0278,1.12,16.32,8.32,0.0686,
2024-07-14,Google Ads,Search,Healthcare,India,88807,4999,11847.63,348,103474.34,0.0563,2.37,34.04,8.73,0.0696,
2024-04-04,Google Ads,Shopping,SaaS,India,111661,3930,3301.2,310,21226.88,0.0352,0.84,10.65,6.43,0.0789,
2024-04-15,Google Ads,Display,SaaS,Australia,14078,763,1724.38,57,16289.72,0.0542,2.26,30.25,9.45,0.0747,
2024-09-06,Google Ads,Search,Fintech,USA,167932,6717,16523.82,247,38475.06,0.04,2.46,66.9,2.33,0.0368,
2024-01-12,Google Ads,Search,Fintech,India,124273,3603,5584.65,167,20460.25,0.029,1.55,33.44,3.66,0.0464,
2024-07-10,Google Ads,Shopping,SaaS,UK,10704,489,836.19,36,5339.04,0.0457,1.71,23.23,6.38,0.0736,
2024-04-11,Google Ads,Search,Fintech,Germany,68449,3285,7818.3,243,60681.21,0.048,2.38,32.17,7.76,0.074,
2024-10-26,Google Ads,Search,SaaS,UAE,51819,2497,7191.36,138,37600.62,0.0482,2.88,52.11,5.23,0.0553,
2024-11-19,Google Ads,Video,Fintech,Australia,173722,3821,5884.34,201,44895.5,0.022,1.54,29.28,7.63,0.0526,
2024-12-15,Google Ads,Shopping,SaaS,USA,119014,5938,17101.44,95,23773.95,0.0499,2.88,180.02,1.39,0.016,"Underperforming, High Cost"
2024-05-20,Google Ads,Search,SaaS,Australia,159741,6868,9409.16,336,33272.11,0.043,1.37,28.0,3.54,0.0489,
2024-02-29,Google Ads,Shopping,Fintech,Germany,167982,7693,20309.52,193,10777.69,0.0458,2.64,105.23,0.53,0.0251,"Underperforming, High Cost"
2024-06-08,Google Ads,Video,Fintech,Germany,96658,2822,9510.14,112,25060.16,0.0292,3.37,84.91,2.64,0.0397,High Cost
2024-01-05,Google Ads,Search,EdTech,UK,41378,2023,2488.29,73,9343.63,0.0489,1.23,34.09,3.76,0.0361,
2024-05-09,Google Ads,Video,SaaS,Canada,188202,7189,8267.35,376,88923.49,0.0382,1.15,21.99,10.76,0.0523,
2024-01-25,Google Ads,Video,Fintech,USA,184316,4091,4254.64,309,82363.46,0.0222,1.04,13.77,19.36,0.0755,
2024-09-10,Google Ads,Video,Healthcare,Canada,65545,3355,5938.35,196,57936.29,0.0512,1.77,30.3,9.76,0.0584,
2024-06-04,Google Ads,Video,Healthcare,USA,33141,798,2625.42,42,7236.65,0.0241,3.29,62.51,2.76,0.0526,
2024-02-17,Google Ads,Search,SaaS,Germany,142244,4935,14706.3,127,34307.21,0.0347,2.98,115.8,2.33,0.0257,High Cost
2024-01-28,Google Ads,Video,Fintech,Australia,193978,5780,9999.4,177,42071.17,0.0298,1.73,56.49,4.21,0.0306,
2024-05-01,Google Ads,Display,E-commerce,UAE,129447,4310,11637.0,211,16618.47,0.0333,2.7,55.15,1.43,0.049,Underperforming
2024-01-22,Google Ads,Shopping,Fintech,USA,28387,672,2231.04,41,7232.57,0.0237,3.32,54.42,3.24,0.061,
2024-01-10,Google Ads,Video,SaaS,UK,170268,7917,24859.38,98,22672.12,0.0465,3.14,253.67,0.91,0.0124,"Underperforming, High Cost"
2024-01-20,Google Ads,Display,Healthcare,USA,122322,6152,7566.96,155,10417.89,0.0503,1.23,48.82,1.38,0.0252,Underperforming
2024-05-25,Google Ads,Video,E-commerce,Australia,104134,3603,12466.38,234,14496.48,0.0346,3.46,53.28,1.16,0.0649,Underperforming
2024-04-15,Google Ads,Display,SaaS,India,12896,535,524.3,20,2475.65,0.0415,0.98,26.21,4.72,0.0374,
2024-02-18,Google Ads,Video,Fintech,Australia,42823,1588,4716.36,33,3266.45,0.0371,2.97,142.92,0.69,0.0208,"Underperforming, High Cost"
2024-09-15,Google Ads,Shopping,Fintech,UAE,136354,3736,4333.76,152,29811.83,0.0274,1.16,28.51,6.88,0.0407,
2024-10-28,Google Ads,Shopping,E-commerce,Germany,115454,7227,17778.42,154,5144.22,0.0626,2.46,115.44,0.29,0.0213,"Underperforming, High Cost"
2024-12-15,Google Ads,Search,EdTech,Canada,176790,4490,6690.1,250,74442.63,0.0254,1.49,26.76,11.13,0.0557,
2024-10-29,Google Ads,Shopping,Fintech,Germany,60077,1994,6201.34,28,7635.29,0.0332,3.11,221.48,1.23,0.014,"Underperforming, High Cost"
2024-10-12,Google Ads,Search,Healthcare,Germany,185488,3950,5490.5,289,75172.15,0.0213,1.39,19.0,13.69,0.0732,
2024-11-19,Google Ads,Search,E-commerce,UAE,96170,5145,10907.4,268,72622.99,0.0535,2.12,40.7,6.66,0.0521,
2024-03-22,Google Ads,Display,E-commerce,Australia,39542,1209,2236.65,42,7992.11,0.0306,1.85,53.25,3.57,0.0347,
2024-07-19,Google Ads,Display,Fintech,India,110848,3181,7793.45,186,32321.78,0.0287,2.45,41.9,4.15,0.0585,
2024-01-07,Google Ads,Shopping,EdTech,UAE,73803,1505,3190.6,98,18709.86,0.0204,2.12,32.56,5.86,0.0651,
2024-06-24,Google Ads,Shopping,Healthcare,UK,96575,4925,11820.0,181,7335.74,0.051,2.4,65.3,0.62,0.0368,Underperforming
2024-02-20,Google Ads,Shopping,Fintech,UK,162489,4500,13635.0,184,54944.54,0.0277,3.03,74.1,4.03,0.0409,
2024-09-16,Google Ads,Video,E-commerce,UK,13605,300,624.0,21,4495.51,0.0221,2.08,29.71,7.2,0.07,
2024-05-23,Google Ads,Display,SaaS,Germany,116041,6428,11249.0,74,13873.48,0.0554,1.75,152.01,1.23,0.0115,"Underperforming, High Cost"
2024-08-28,Google Ads,Search,E-commerce,Australia,94081,5588,15031.72,88,24757.88,0.0594,2.69,170.82,1.65,0.0157,"Underperforming, High Cost"
2024-12-20,Google Ads,Search,EdTech,USA,72055,1678,5319.26,41,8506.9,0.0233,3.17,129.74,1.6,0.0244,"Underperforming, High Cost"
2024-11-08,Google Ads,Video,Fintech,UAE,31672,877,631.44,16,2266.94,0.0277,0.72,39.47,3.59,0.0182,
2024-06-23,Google Ads,Search,SaaS,Canada,119397,3868,6962.4,193,35393.3,0.0324,1.8,36.07,5.08,0.0499,
2024-02-17,Google Ads,Shopping,Fintech,Germany,78402,4531,12460.25,105,25620.07,0.0578,2.75,118.67,2.06,0.0232,High Cost
2024-06-17,Google Ads,Display,Healthcare,India,54976,2611,3446.52,187,8230.48,0.0475,1.32,18.43,2.39,0.0716,
2024-08-26,Google Ads,Shopping,Fintech,Australia,162636,9237,13024.17,738,102989.98,0.0568,1.41,17.65,7.91,0.0799,
2024-05-28,Google Ads,Display,Healthcare,India,23375,1175,1668.5,15,1524.57,0.0503,1.42,111.23,0.91,0.0128,"Underperforming, High Cost"
2024-09-07,Google Ads,Search,E-commerce,USA,71216,2357,7471.69,179,29354.19,0.0331,3.17,41.74,3.93,0.0759,
2024-12-04,Google Ads,Video,EdTech,Germany,29618,1883,4086.11,90,26198.96,0.0636,2.17,45.4,6.41,0.0478,
2024-12-01,Google Ads,Search,Healthcare,Canada,136461,3984,5936.16,214,24710.24,0.0292,1.49,27.74,4.16,0.0537,
2024-03-05,Google Ads,Shopping,SaaS,UAE,7642,202,682.76,11,1542.21,0.0264,3.38,62.07,2.26,0.0545,
2024-06-12,Google Ads,Shopping,E-commerce,USA,70618,3601,8030.23,145,7976.29,0.051,2.23,55.38,0.99,0.0403,Underperforming
2024-03-09,Google Ads,Shopping,E-commerce,USA,10039,501,1147.29,36,4805.52,0.0499,2.29,31.87,4.19,0.0719,
2024-11-05,Google Ads,Shopping,Healthcare,Canada,36707,943,1235.33,21,4396.12,0.0257,1.31,58.83,3.56,0.0223,
2024-11-08,Google Ads,Shopping,Fintech,India,32518,1258,3031.78,12,2688.72,0.0387,2.41,252.65,0.89,0.0095,"Underperforming, High Cost"
2024-05-16,Google Ads,Video,EdTech,Canada,20534,993,2849.91,49,1762.93,0.0484,2.87,58.16,0.62,0.0493,Underperforming
2024-05-26,Google Ads,Video,Healthcare,Canada,123696,6531,16849.98,466,62974.93,0.0528,2.58,36.16,3.74,0.0714,
2024-02-29,Google Ads,Display,EdTech,Canada,92923,1932,6124.44,32,1855.78,0.0208,3.17,191.39,0.3,0.0166,"Underperforming, High Cost"
2024-11-09,Google Ads,Shopping,E-commerce,UK,170732,7700,6237.0,434,53677.08,0.0451,0.81,14.37,8.61,0.0564,
2024-10-03,Google Ads,Display,E-commerce,Australia,86471,4859,7628.63,248,19852.56,0.0562,1.57,30.76,2.6,0.051,
2024-12-21,Google Ads,Shopping,SaaS,USA,70206,3945,14202.0,248,37055.99,0.0562,3.6,57.27,2.61,0.0629,
2024-02-19,Google Ads,Display,Fintech,Germany,37101,2166,6389.7,45,3868.37,0.0584,2.95,141.99,0.61,0.0208,"Underperforming, High Cost"
2024-07-26,Google Ads,Search,SaaS,UAE,70982,2548,7338.24,117,32045.18,0.0359,2.88,62.72,4.37,0.0459,
2024-02-27,Google Ads,Search,Healthcare,USA,108751,5459,7806.37,345,24740.95,0.0502,1.43,22.63,3.17,0.0632,
2024-07-18,Google Ads,Shopping,Fintech,India,161904,4727,7752.28,263,21545.93,0.0292,1.64,29.48,2.78,0.0556,
2024-08-31,Google Ads,Display,Healthcare,Canada,49757,1243,3903.02,39,4749.9,0.025,3.14,100.08,1.22,0.0314,"Underperforming, High Cost"
2024-07-28,Google Ads,Video,EdTech,USA,168623,6896,9792.32,200,24436.96,0.0409,1.42,48.96,2.5,0.029,
2024-06-23,Google Ads,Search,EdTech,UK,11305,562,966.64,42,8107.06,0.0497,1.72,23.02,8.39,0.0747,
2024-12-14,Google Ads,Video,Healthcare,India,81996,1508,3513.64,75,8251.24,0.0184,2.33,46.85,2.35,0.0497,
2024-11-30,Google Ads,Display,SaaS,UAE,79960,1591,1638.73,55,15206.45,0.0199,1.03,29.8,9.28,0.0346,
2024-12-11,Google Ads,Video,EdTech,India,119527,6597,20450.7,497,137884.47,0.0552,3.1,41.15,6.74,0.0753,
2024-10-17,Google Ads,Video,Healthcare,India,176541,4378,12564.86,175,19637.27,0.0248,2.87,71.8,1.56,0.04,Underperforming
2024-06-23,Google Ads,Display,Fintech,UAE,118710,4036,10009.28,235,28657.57,0.034,2.48,42.59,2.86,0.0582,
2024-07-05,Google Ads,Search,Fintech,UK,6881,357,817.53,5,872.75,0.0519,2.29,163.51,1.07,0.014,"Underperforming, High Cost"
2024-06-28,Google Ads,Display,SaaS,Australia,188419,10231,21996.65,754,134062.71,0.0543,2.15,29.17,6.09,0.0737,
2024-03-10,Google Ads,Video,Fintech,India,93302,4058,3286.98,50,14861.71,0.0435,0.81,65.74,4.52,0.0123,
2024-05-14,Google Ads,Search,SaaS,Australia,140747,8571,27855.75,332,48279.89,0.0609,3.25,83.9,1.73,0.0387,"Underperforming, High Cost"
2024-04-16,Google Ads,Search,Healthcare,Australia,36831,1572,5423.4,48,4165.73,0.0427,3.45,112.99,0.77,0.0305,"Underperforming, High Cost"
2024-03-29,Google Ads,Shopping,SaaS,UK,118985,4545,14680.35,259,58417.12,0.0382,3.23,56.68,3.98,0.057,
2024-01-22,Google Ads,Display,EdTech,UAE,85077,4032,11450.88,253,13168.69,0.0474,2.84,45.26,1.15,0.0627,Underperforming
2024-04-13,Google Ads,Video,EdTech,Australia,192135,10663,18980.14,741,213823.36,0.0555,1.78,25.61,11.27,0.0695,
2024-02-15,Google Ads,Shopping,Fintech,Germany,39754,2007,4676.31,108,6981.98,0.0505,2.33,43.3,1.49,0.0538,Underperforming
2024-08-27,Google Ads,Shopping,SaaS,UK,159226,5206,5049.82,137,27701.27,0.0327,0.97,36.86,5.49,0.0263,
2024-05-17,Google Ads,Search,E-commerce,UK,88384,3641,4442.02,89,4077.32,0.0412,1.22,49.91,0.92,0.0244,Underperforming
2024-01-29,Google Ads,Video,SaaS,Germany,16781,684,889.2,8,1435.11,0.0408,1.3,111.15,1.61,0.0117,"Underperforming, High Cost"
2024-02-25,Google Ads,Search,EdTech,Canada,100386,5250,5145.0,254,73673.45,0.0523,0.98,20.26,14.32,0.0484,
2024-01-25,Google Ads,Search,Healthcare,UAE,50203,1390,2710.5,47,11338.98,0.0277,1.95,57.67,4.18,0.0338,
2024-08-19,Google Ads,Shopping,Healthcare,UK,33756,2150,4665.5,108,7948.11,0.0637,2.17,43.2,1.7,0.0502,Underperforming
2024-09-02,Google Ads,Search,EdTech,UAE,142844,2971,5020.99,95,5534.94,0.0208,1.69,52.85,1.1,0.032,Underperforming
2024-05-31,Google Ads,Search,Fintech,USA,50201,2198,4945.5,112,12918.19,0.0438,2.25,44.16,2.61,0.051,
2024-11-03,Google Ads,Video,Fintech,USA,198604,8162,25302.2,584,25281.15,0.0411,3.1,43.33,1.0,0.0716,Underperforming
2024-04-08,Google Ads,Search,Healthcare,Canada,114028,3112,4232.32,120,10393.96,0.0273,1.36,35.27,2.46,0.0386,
2024-06-24,Google Ads,Search,Fintech,UK,117660,6388,11562.28,331,17255.28,0.0543,1.81,34.93,1.49,0.0518,Underperforming
2024-02-19,Google Ads,Display,Fintech,Australia,126635,4254,5657.82,313,28110.42,0.0336,1.33,18.08,4.97,0.0736,
2024-12-14,Google Ads,Video,EdTech,India,159721,3625,6923.75,150,39701.58,0.0227,1.91,46.16,5.73,0.0414,
2024-01-18,Google Ads,Shopping,E-commerce,UAE,76792,3317,10282.7,262,42043.84,0.0432,3.1,39.25,4.09,0.079,
2024-08-28,Google Ads,Shopping,E-commerce,India,49462,1206,2351.7,74,12950.09,0.0244,1.95,31.78,5.51,0.0614,
2024-03-14,Google Ads,Display,E-commerce,Canada,32160,1186,1589.24,12,1927.71,0.0369,1.34,132.44,1.21,0.0101,"Underperforming, High Cost"
2024-09-29,Google Ads,Search,EdTech,USA,58364,2241,4975.02,136,15149.72,0.0384,2.22,36.58,3.05,0.0607,
2024-04-27,Google Ads,Shopping,EdTech,UAE,182926,6749,13093.06,343,53279.93,0.0369,1.94,38.17,4.07,0.0508,
2024-09-24,Google Ads,Video,Fintech,Australia,143561,9144,17647.92,630,123364.05,0.0637,1.93,28.01,6.99,0.0689,
2024-03-24,Google Ads,Shopping,Fintech,India,94242,5466,9128.22,100,6794.77,0.058,1.67,91.28,0.74,0.0183,"Underperforming, High Cost"
2024-09-23,Google Ads,Display,Healthcare,UAE,111311,5765,15623.15,389,22317.92,0.0518,2.71,40.16,1.43,0.0675,Underperforming
2024-03-30,Google Ads,Video,Healthcare,Canada,65282,1723,3290.93,64,16624.45,0.0264,1.91,51.42,5.05,0.0371,
2024-02-01,Google Ads,Video,EdTech,USA,48790,2824,3671.2,178,37847.71,0.0579,1.3,20.62,10.31,0.063,
2024-07-16,Google Ads,Shopping,EdTech,UAE,163272,5551,12378.73,135,38753.89,0.034,2.23,91.69,3.13,0.0243,High Cost
2024-11-04,Google Ads,Video,EdTech,Australia,149233,3686,3686.0,250,16524.46,0.0247,1.0,14.74,4.48,0.0678,
2024-01-04,Google Ads,Display,Fintech,UK,20198,878,2353.04,67,5967.58,0.0435,2.68,35.12,2.54,0.0763,
2024-09-11,Google Ads,Search,EdTech,UAE,32675,941,1025.69,47,12632.32,0.0288,1.09,21.82,12.32,0.0499,
2024-02-28,Google Ads,Search,EdTech,USA,116560,4312,12030.48,198,51746.42,0.037,2.79,60.76,4.3,0.0459,
2024-08-01,Google Ads,Shopping,EdTech,UAE,65186,1955,4418.3,89,13375.79,0.03,2.26,49.64,3.03,0.0455,
2024-03-10,Google Ads,Search,Healthcare,UK,8880,216,444.96,6,1186.19,0.0243,2.06,74.16,2.67,0.0278,
2024-11-30,Google Ads,Shopping,EdTech,USA,156388,7021,11514.44,315,34670.52,0.0449,1.64,36.55,3.01,0.0449,
2024-03-27,Google Ads,Video,EdTech,UK,109672,2675,6821.25,50,11521.03,0.0244,2.55,136.43,1.69,0.0187,"Underperforming, High Cost"
2024-05-23,Google Ads,Display,Fintech,USA,117036,3569,7601.97,178,11935.14,0.0305,2.13,42.71,1.57,0.0499,Underperforming
2024-06-30,Google Ads,Display,EdTech,USA,83972,4903,14218.7,341,36574.45,0.0584,2.9,41.7,2.57,0.0695,
2024-08-04,Google Ads,Shopping,EdTech,USA,63959,2014,4591.92,150,37769.59,0.0315,2.28,30.61,8.23,0.0745,
2024-03-06,Google Ads,Search,SaaS,India,6044,146,164.98,5,611.36,0.0242,1.13,33.0,3.71,0.0342,
2024-04-08,Google Ads,Shopping,Fintech,USA,90945,3637,10983.74,145,21488.5,0.04,3.02,75.75,1.96,0.0399,Underperforming
2024-02-01,Google Ads,Search,SaaS,UK,73681,4457,7888.89,95,11815.26,0.0605,1.77,83.04,1.5,0.0213,Underperforming
2024-12-14,Google Ads,Display,Healthcare,Australia,195545,8799,26221.02,444,122723.09,0.045,2.98,59.06,4.68,0.0505,
2024-07-14,Google Ads,Shopping,E-commerce,USA,46846,2183,7334.88,46,5098.84,0.0466,3.36,159.45,0.7,0.0211,"Underperforming, High Cost"
2024-07-03,Google Ads,Shopping,Healthcare,Canada,183428,4549,9598.39,135,6604.0,0.0248,2.11,71.1,0.69,0.0297,Underperforming
2024-05-09,Google Ads,Shopping,EdTech,Australia,173913,5860,20275.6,111,20779.66,0.0337,3.46,182.66,1.02,0.0189,"Underperforming, High Cost"
2024-05-05,Google Ads,Video,SaaS,USA,190541,9527,20673.59,157,5416.71,0.05,2.17,131.68,0.26,0.0165,"Underperforming, High Cost"
2024-03-23,Google Ads,Display,Fintech,India,47879,1149,3515.94,25,3124.11,0.024,3.06,140.64,0.89,0.0218,"Underperforming, High Cost"
2024-07-10,Google Ads,Search,Fintech,UK,59943,2163,7116.27,114,4800.81,0.0361,3.29,62.42,0.67,0.0527,Underperforming
2024-09-04,Google Ads,Video,EdTech,UK,154805,9535,9153.6,525,18155.37,0.0616,0.96,17.44,1.98,0.0551,Underperforming
2024-11-04,Google Ads,Display,Fintech,Germany,146779,5019,11142.18,349,91145.36,0.0342,2.22,31.93,8.18,0.0695,
2024-06-26,Google Ads,Shopping,EdTech,USA,133588,6545,10995.6,241,34421.71,0.049,1.68,45.62,3.13,0.0368,
2024-01-29,Google Ads,Video,Fintech,UK,82462,3916,8223.6,199,48785.37,0.0475,2.1,41.32,5.93,0.0508,
2024-01-18,Google Ads,Display,E-commerce,Australia,55248,1646,4279.6,43,12311.15,0.0298,2.6,99.53,2.88,0.0261,High Cost
2024-08-09,Google Ads,Display,Healthcare,UAE,90374,2349,2278.53,69,5506.03,0.026,0.97,33.02,2.42,0.0294,
2024-11-10,Google Ads,Display,SaaS,Australia,124774,3481,4212.01,113,4447.19,0.0279,1.21,37.27,1.06,0.0325,Underperforming
2024-08-14,Google Ads,Search,SaaS,USA,109263,2829,2489.52,129,14321.34,0.0259,0.88,19.3,5.75,0.0456,
2024-06-13,Google Ads,Video,Fintech,UAE,105814,6126,17091.54,289,45447.24,0.0579,2.79,59.14,2.66,0.0472,
2024-01-15,Google Ads,Search,SaaS,Canada,43098,1620,4422.6,39,7135.44,0.0376,2.73,113.4,1.61,0.0241,"Underperforming, High Cost"
2024-11-21,Google Ads,Display,EdTech,India,150778,2985,4149.15,59,16435.61,0.0198,1.39,70.32,3.96,0.0198,
2024-07-17,Google Ads,Video,EdTech,Germany,113500,7604,9885.2,340,21520.64,0.067,1.3,29.07,2.18,0.0447,
2024-05-02,Google Ads,Video,EdTech,UAE,117333,2898,11389.14,48,5367.73,0.0247,3.93,237.27,0.47,0.0166,"Underperforming, High Cost"
2024-09-20,Google Ads,Display,Healthcare,USA,168384,4681,12030.17,267,58628.48,0.0278,2.57,45.06,4.87,0.057,
2024-08-22,Google Ads,Display,Fintech,Australia,106026,5152,8861.44,240,50663.13,0.0486,1.72,36.92,5.72,0.0466,
2024-04-22,Google Ads,Search,E-commerce,Germany,107364,4895,12971.75,200,42108.23,0.0456,2.65,64.86,3.25,0.0409,
2024-06-25,Google Ads,Video,EdTech,UK,132152,7572,8632.08,552,115644.47,0.0573,1.14,15.64,13.4,0.0729,
2024-07-14,Google Ads,Shopping,Fintech,Australia,116695,5799,18150.87,372,56034.95,0.0497,3.13,48.79,3.09,0.0641,
2024-06-24,Google Ads,Video,E-commerce,Australia,117223,7935,16028.7,166,47449.87,0.0677,2.02,96.56,2.96,0.0209,High Cost
2024-11-29,Google Ads,Video,EdTech,Canada,9134,228,316.92,2,329.55,0.025,1.39,158.46,1.04,0.0088,"Underperforming, High Cost"
2024-06-19,Google Ads,Display,SaaS,Germany,178567,8374,11137.42,98,8808.29,0.0469,1.33,113.65,0.79,0.0117,"Underperforming, High Cost"
2024-12-24,Google Ads,Search,Healthcare,Australia,155840,4566,5113.92,312,40138.5,0.0293,1.12,16.39,7.85,0.0683,
2024-11-04,Google Ads,Search,EdTech,UAE,93720,2661,4523.7,104,18904.07,0.0284,1.7,43.5,4.18,0.0391,
2024-05-28,Google Ads,Display,EdTech,USA,169909,7781,19452.5,124,26123.28,0.0458,2.5,156.88,1.34,0.0159,"Underperforming, High Cost"
2024-12-26,Google Ads,Search,SaaS,India,106975,4300,10277.0,335,35904.36,0.0402,2.39,30.68,3.49,0.0779,
2024-02-08,Google Ads,Shopping,SaaS,UK,10574,389,1007.51,6,908.68,0.0368,2.59,167.92,0.9,0.0154,"Underperforming, High Cost"
2024-10-18,Google Ads,Search,E-commerce,India,49484,1118,2291.9,79,18417.53,0.0226,2.05,29.01,8.04,0.0707,
2024-07-04,Google Ads,Search,Healthcare,USA,18877,545,1744.0,26,5981.0,0.0289,3.2,67.08,3.43,0.0477,
2024-05-25,Google Ads,Search,E-commerce,India,65107,1777,2896.51,128,29612.56,0.0273,1.63,22.63,10.22,0.072,
2024-03-02,Google Ads,Shopping,SaaS,India,69839,1620,2041.2,80,22785.52,0.0232,1.26,25.52,11.16,0.0494,
2024-02-27,Google Ads,Video,SaaS,USA,104794,5920,21667.2,359,21837.83,0.0565,3.66,60.35,1.01,0.0606,Underperforming
2024-02-17,Google Ads,Video,SaaS,Germany,133027,7808,9838.08,153,22193.12,0.0587,1.26,64.3,2.26,0.0196,
2024-05-24,Google Ads,Video,Healthcare,Canada,102648,2330,5941.5,157,28653.63,0.0227,2.55,37.84,4.82,0.0674,
2024-01-20,Google Ads,Display,E-commerce,Canada,181687,8321,26127.94,651,189283.47,0.0458,3.14,40.14,7.24,0.0782,
2024-07-22,Google Ads,Display,SaaS,UK,166792,6071,19123.65,323,23590.83,0.0364,3.15,59.21,1.23,0.0532,Underperforming
2024-03-17,Google Ads,Display,E-commerce,Germany,94506,3269,5099.64,193,7342.38,0.0346,1.56,26.42,1.44,0.059,Underperforming
2024-05-17,Google Ads,Display,EdTech,Canada,12086,594,1461.24,21,3418.15,0.0491,2.46,69.58,2.34,0.0354,
2024-11-13,Google Ads,Display,E-commerce,UAE,92502,2960,6097.6,201,47885.36,0.032,2.06,30.34,7.85,0.0679,
2024-11-23,Google Ads,Display,EdTech,USA,133792,6943,16316.05,186,17630.23,0.0519,2.35,87.72,1.08,0.0268,"Underperforming, High Cost"
2024-12-26,Google Ads,Display,EdTech,UK,77258,3963,7133.4,135,34518.13,0.0513,1.8,52.84,4.84,0.0341,
2024-05-10,Google Ads,Display,EdTech,UAE,74672,2665,4157.4,129,32318.91,0.0357,1.56,32.23,7.77,0.0484,
2024-12-05,Google Ads,Shopping,Healthcare,Australia,134560,5947,16889.48,144,23257.77,0.0442,2.84,117.29,1.38,0.0242,"Underperforming, High Cost"
2024-09-25,Google Ads,Shopping,EdTech,Australia,49225,2367,4355.28,137,8811.53,0.0481,1.84,31.79,2.02,0.0579,
2024-07-28,Google Ads,Video,Healthcare,India,173678,11428,24113.08,310,83080.36,0.0658,2.11,77.78,3.45,0.0271,
2024-03-18,Google Ads,Shopping,Fintech,India,116451,3388,11485.32,188,28791.61,0.0291,3.39,61.09,2.51,0.0555,
2024-02-13,Google Ads,Search,E-commerce,Germany,188276,11277,27966.96,554,89376.47,0.0599,2.48,50.48,3.2,0.0491,
2024-09-26,Google Ads,Shopping,E-commerce,Canada,161089,6540,13734.0,285,49746.79,0.0406,2.1,48.19,3.62,0.0436,
2024-09-13,Google Ads,Shopping,Healthcare,USA,85618,2679,2464.68,74,6024.46,0.0313,0.92,33.31,2.44,0.0276,
2024-08-21,Google Ads,Search,E-commerce,UK,180746,5024,6430.72,64,17709.21,0.0278,1.28,100.48,2.75,0.0127,High Cost
2024-03-01,Google Ads,Search,E-commerce,Germany,86678,2158,3129.1,163,27708.88,0.0249,1.45,19.2,8.86,0.0755,
2024-11-03,Google Ads,Display,EdTech,Canada,70226,4037,8719.92,240,68153.47,0.0575,2.16,36.33,7.82,0.0595,
2024-12-01,Google Ads,Search,Fintech,Germany,124119,6416,16360.8,358,48445.72,0.0517,2.55,45.7,2.96,0.0558,
2024-05-16,Google Ads,Shopping,Healthcare,UAE,126292,5165,7695.85,110,14074.18,0.0409,1.49,69.96,1.83,0.0213,Underperforming
2024-02-23,Google Ads,Video,E-commerce,Canada,189935,10161,15139.89,615,31748.86,0.0535,1.49,24.62,2.1,0.0605,
2024-04-16,Google Ads,Display,EdTech,UAE,103066,2380,5926.2,121,20395.26,0.0231,2.49,48.98,3.44,0.0508,
2024-04-24,Google Ads,Display,E-commerce,Canada,129121,4893,12526.08,137,7241.16,0.0379,2.56,91.43,0.58,0.028,"Underperforming, High Cost"
2024-03-25,Google Ads,Video,Fintech,USA,173102,4414,15007.6,341,52487.34,0.0255,3.4,44.01,3.5,0.0773,
2024-03-27,Google Ads,Shopping,EdTech,Canada,140607,6397,9147.71,393,82224.93,0.0455,1.43,23.28,8.99,0.0614,
2024-01-11,Google Ads,Search,Healthcare,Germany,48351,2156,6812.96,83,7504.87,0.0446,3.16,82.08,1.1,0.0385,Underperforming
2024-05-15,Google Ads,Video,Fintech,UAE,128962,7337,9904.95,226,26098.81,0.0569,1.35,43.83,2.63,0.0308,
2024-08-15,Google Ads,Video,Fintech,Australia,154666,5939,7601.92,366,24965.13,0.0384,1.28,20.77,3.28,0.0616,
2024-08-10,Google Ads,Display,Fintech,Australia,24464,511,572.32,20,5921.83,0.0209,1.12,28.62,10.35,0.0391,
2024-08-20,Google Ads,Shopping,E-commerce,Germany,161926,5424,17844.96,87,11807.21,0.0335,3.29,205.11,0.66,0.016,"Underperforming, High Cost"
2024-12-12,Google Ads,Shopping,SaaS,Canada,88251,2665,3437.85,151,17509.21,0.0302,1.29,22.77,5.09,0.0567,
2024-10-12,Google Ads,Video,EdTech,Germany,185378,3244,5904.08,246,67552.8,0.0175,1.82,24.0,11.44,0.0758,
2024-05-13,Google Ads,Search,EdTech,USA,71267,3962,3684.66,287,50107.59,0.0556,0.93,12.84,13.6,0.0724,
2024-11-06,Google Ads,Display,EdTech,India,14884,541,1758.25,43,4123.58,0.0363,3.25,40.89,2.35,0.0795,
2024-02-10,Google Ads,Shopping,Healthcare,Australia,167717,4142,7165.66,71,15937.54,0.0247,1.73,100.92,2.22,0.0171,High Cost
2024-09-05,Google Ads,Display,Fintech,UK,118884,5932,17499.4,450,121374.91,0.0499,2.95,38.89,6.94,0.0759,
2024-04-04,Google Ads,Search,Healthcare,Australia,84303,4417,13781.04,100,20354.89,0.0524,3.12,137.81,1.48,0.0226,"Underperforming, High Cost"
2024-01-04,Google Ads,Video,EdTech,Germany,89730,4621,12384.28,277,13483.54,0.0515,2.68,44.71,1.09,0.0599,Underperforming
2024-11-30,Google Ads,Search,SaaS,UK,174737,5207,7498.08,398,90351.24,0.0298,1.44,18.84,12.05,0.0764,
2024-09-10,Google Ads,Shopping,Healthcare,Germany,145508,7158,10307.52,566,76404.29,0.0492,1.44,18.21,7.41,0.0791,
2024-04-24,Google Ads,Shopping,EdTech,Australia,75649,1792,4981.76,110,12588.99,0.0237,2.78,45.29,2.53,0.0614,
2024-03-21,Google Ads,Video,E-commerce,USA,134198,2670,8410.5,71,14769.75,0.0199,3.15,118.46,1.76,0.0266,"Underperforming, High Cost"
2024-10-19,Google Ads,Shopping,E-commerce,UK,55385,1678,2416.32,64,18110.48,0.0303,1.44,37.76,7.5,0.0381,
2024-01-01,Google Ads,Search,SaaS,India,21702,1000,3170.0,17,3670.88,0.0461,3.17,186.47,1.16,0.017,"Underperforming, High Cost"
2024-05-19,Google Ads,Display,Fintech,UK,64567,1439,3295.31,64,4231.38,0.0223,2.29,51.49,1.28,0.0445,Underperforming
2024-03-03,Google Ads,Search,Fintech,UK,51566,1531,2128.09,112,6716.48,0.0297,1.39,19.0,3.16,0.0732,
2024-06-18,Google Ads,Search,Healthcare,UAE,184889,6212,13480.04,73,2434.91,0.0336,2.17,184.66,0.18,0.0118,"Underperforming, High Cost"
2024-03-12,Google Ads,Shopping,Fintech,Australia,155033,5782,12546.94,248,71470.23,0.0373,2.17,50.59,5.7,0.0429,
2024-08-15,Google Ads,Shopping,EdTech,India,175623,9483,9198.51,268,79311.56,0.054,0.97,34.32,8.62,0.0283,
2024-07-25,Google Ads,Search,SaaS,Australia,93919,4968,12668.4,308,66254.75,0.0529,2.55,41.13,5.23,0.062,
2024-04-17,Google Ads,Video,Healthcare,UK,105804,3110,3016.7,200,49067.29,0.0294,0.97,15.08,16.27,0.0643,
2024-04-14,Google Ads,Shopping,E-commerce,India,9791,519,2050.05,40,2255.24,0.053,3.95,51.25,1.1,0.0771,Underperforming
2024-02-29,Google Ads,Search,Healthcare,USA,34802,1708,4953.2,72,6827.25,0.0491,2.9,68.79,1.38,0.0422,Underperforming
2024-09-06,Google Ads,Shopping,E-commerce,Germany,101299,3504,6307.2,250,36776.35,0.0346,1.8,25.23,5.83,0.0713,
2024-06-04,Google Ads,Video,SaaS,Canada,113368,5260,6890.6,168,8983.58,0.0464,1.31,41.02,1.3,0.0319,Underperforming
2024-06-18,Google Ads,Display,E-commerce,Germany,89263,3695,6540.15,155,19291.23,0.0414,1.77,42.19,2.95,0.0419,
2024-09-12,Google Ads,Search,Fintech,UK,25927,1501,1516.01,44,4091.03,0.0579,1.01,34.45,2.7,0.0293,
2024-01-16,Google Ads,Shopping,SaaS,UAE,31783,781,905.96,49,4886.84,0.0246,1.16,18.49,5.39,0.0627,
2024-01-24,Google Ads,Shopping,Fintech,Australia,31325,858,1818.96,43,2004.67,0.0274,2.12,42.3,1.1,0.0501,Underperforming
2024-04-30,Google Ads,Display,SaaS,India,114599,2028,4928.04,29,5366.72,0.0177,2.43,169.93,1.09,0.0143,"Underperforming, High Cost"
2024-07-21,Google Ads,Video,SaaS,Canada,157890,9204,31017.48,321,10260.33,0.0583,3.37,96.63,0.33,0.0349,"Underperforming, High Cost"
2024-04-04,Google Ads,Search,EdTech,Germany,161215,5948,13501.96,439,105685.25,0.0369,2.27,30.76,7.83,0.0738,
2024-06-28,Google Ads,Video,SaaS,India,118415,6500,11310.0,458,110383.15,0.0549,1.74,24.69,9.76,0.0705,
2024-09-28,Google Ads,Search,EdTech,Australia,138438,4734,16758.36,191,38220.88,0.0342,3.54,87.74,2.28,0.0403,High Cost
2024-11-10,Google Ads,Search,E-commerce,Germany,34764,1251,1038.33,83,3361.16,0.036,0.83,12.51,3.24,0.0663,
2024-04-25,Google Ads,Search,SaaS,Australia,32898,1743,2039.31,130,31968.71,0.053,1.17,15.69,15.68,0.0746,
2024-02-11,Google Ads,Shopping,Fintech,UAE,29016,1088,2241.28,56,9936.27,0.0375,2.06,40.02,4.43,0.0515,
2024-05-05,Google Ads,Shopping,SaaS,Germany,134157,3407,8210.87,147,41434.67,0.0254,2.41,55.86,5.05,0.0431,
2024-03-26,Google Ads,Display,Fintech,India,161434,6328,4872.56,263,25426.86,0.0392,0.77,18.53,5.22,0.0416,
2024-05-13,Google Ads,Video,SaaS,Canada,108187,2423,6469.41,179,29012.87,0.0224,2.67,36.14,4.48,0.0739,
2024-11-21,Google Ads,Shopping,E-commerce,Australia,78551,2411,8149.18,92,8262.09,0.0307,3.38,88.58,1.01,0.0382,"Underperforming, High Cost"
2024-12-07,Google Ads,Shopping,SaaS,Canada,144535,7588,23522.8,445,105358.98,0.0525,3.1,52.86,4.48,0.0586,
2024-08-05,Google Ads,Display,Fintech,Canada,71151,4368,14108.64,202,51341.85,0.0614,3.23,69.84,3.64,0.0462,
2024-12-21,Google Ads,Display,E-commerce,UAE,164028,5905,5905.0,377,25718.59,0.036,1.0,15.66,4.36,0.0638,
2024-03-09,Google Ads,Video,EdTech,Australia,92340,2502,4903.92,153,27593.24,0.0271,1.96,32.05,5.63,0.0612,
2024-12-24,Google Ads,Search,EdTech,Australia,106311,5762,5301.04,434,55571.88,0.0542,0.92,12.21,10.48,0.0753,
2024-03-06,Google Ads,Shopping,Healthcare,UK,185903,4647,13755.12,342,58276.63,0.025,2.96,40.22,4.24,0.0736,
2024-02-04,Google Ads,Search,SaaS,USA,137290,5011,7817.16,323,28440.57,0.0365,1.56,24.2,3.64,0.0645,
2024-12-21,Google Ads,Video,EdTech,Australia,109216,5777,17677.62,140,11237.04,0.0529,3.06,126.27,0.64,0.0242,"Underperforming, High Cost"
2024-03-03,Google Ads,Shopping,Fintech,Canada,166215,9158,6593.76,112,29121.09,0.0551,0.72,58.87,4.42,0.0122,
2024-07-19,Google Ads,Search,E-commerce,UAE,176066,5264,8317.12,119,28182.41,0.0299,1.58,69.89,3.39,0.0226,
2024-04-29,Google Ads,Search,Healthcare,Canada,59418,1996,3293.4,80,3528.5,0.0336,1.65,41.17,1.07,0.0401,Underperforming
2024-01-27,Google Ads,Search,EdTech,UAE,143183,5784,4974.24,432,88233.11,0.0404,0.86,11.51,17.74,0.0747,
2024-08-02,Google Ads,Shopping,SaaS,UAE,98899,2185,6904.6,171,45859.64,0.0221,3.16,40.38,6.64,0.0783,
2024-11-08,Google Ads,Shopping,SaaS,UK,34605,809,1423.84,40,5146.88,0.0234,1.76,35.6,3.61,0.0494,
2024-09-05,Google Ads,Shopping,Fintech,India,197589,4781,7649.6,225,12329.91,0.0242,1.6,34.0,1.61,0.0471,Underperforming
2024-10-23,Google Ads,Display,SaaS,UAE,88251,5965,4891.3,133,14897.06,0.0676,0.82,36.78,3.05,0.0223,
2024-01-15,Google Ads,Display,Fintech,Canada,55406,2648,5031.2,149,22127.3,0.0478,1.9,33.77,4.4,0.0563,
2024-02-06,Google Ads,Video,EdTech,UK,73591,2649,7496.67,161,45161.9,0.036,2.83,46.56,6.02,0.0608,
2024-02-25,Google Ads,Video,Fintech,India,66477,2718,7773.48,160,16856.48,0.0409,2.86,48.58,2.17,0.0589,
2024-10-28,Google Ads,Display,Fintech,Canada,78927,3172,10150.4,62,7568.63,0.0402,3.2,163.72,0.75,0.0195,"Underperforming, High Cost"
2024-12-10,Google Ads,Display,SaaS,Canada,184857,3419,8786.83,248,70137.51,0.0185,2.57,35.43,7.98,0.0725,
2024-07-26,Google Ads,Search,SaaS,Germany,108719,4207,13462.4,121,21018.47,0.0387,3.2,111.26,1.56,0.0288,"Underperforming, High Cost"
2024-09-12,Google Ads,Video,E-commerce,UK,193869,13124,38453.32,264,67604.89,0.0677,2.93,145.66,1.76,0.0201,"Underperforming, High Cost"
2024-07-28,Google Ads,Search,EdTech,Australia,158535,3836,8285.76,120,12930.51,0.0242,2.16,69.05,1.56,0.0313,Underperforming
2024-07-19,Google Ads,Display,Fintech,USA,184810,7447,23234.64,334,51289.24,0.0403,3.12,69.56,2.21,0.0449,
2024-10-26,Google Ads,Display,Healthcare,Australia,180365,6114,21154.44,400,111623.05,0.0339,3.46,52.89,5.28,0.0654,
2024-05-12,Google Ads,Display,Fintech,UAE,26352,1697,2901.87,126,31980.19,0.0644,1.71,23.03,11.02,0.0742,
2024-01-23,Google Ads,Search,Healthcare,India,57979,2081,3933.09,148,18788.47,0.0359,1.89,26.57,4.78,0.0711,
2024-10-12,Google Ads,Video,Fintech,Australia,173769,6759,19330.74,158,21350.44,0.0389,2.86,122.35,1.1,0.0234,"Underperforming, High Cost"
2024-04-29,Google Ads,Display,EdTech,Australia,72474,4022,12508.42,142,38937.53,0.0555,3.11,88.09,3.11,0.0353,High Cost
2024-06-02,Google Ads,Search,SaaS,Germany,162786,7406,10738.7,513,67523.57,0.0455,1.45,20.93,6.29,0.0693,
2024-09-23,Google Ads,Video,Healthcare,USA,133909,5664,16312.32,117,11886.29,0.0423,2.88,139.42,0.73,0.0207,"Underperforming, High Cost"
2024-01-25,Google Ads,Search,E-commerce,Australia,92185,3779,6121.98,82,11861.33,0.041,1.62,74.66,1.94,0.0217,Underperforming
2024-08-03,Google Ads,Search,EdTech,USA,151900,5270,5849.7,291,47553.46,0.0347,1.11,20.1,8.13,0.0552,
2024-07-04,Google Ads,Shopping,Fintech,Australia,126246,4203,8616.15,290,31939.46,0.0333,2.05,29.71,3.71,0.069,
2024-02-15,Google Ads,Search,Fintech,Germany,30835,925,1813.0,14,3805.56,0.03,1.96,129.5,2.1,0.0151,High Cost
2024-12-16,Google Ads,Display,SaaS,Canada,143573,3474,5662.62,131,11434.82,0.0242,1.63,43.23,2.02,0.0377,
2024-03-24,Google Ads,Video,EdTech,Canada,185523,6029,8320.02,252,12404.91,0.0325,1.38,33.02,1.49,0.0418,Underperforming
2024-12-24,Google Ads,Video,Healthcare,Canada,118005,5003,9005.4,63,6740.12,0.0424,1.8,142.94,0.75,0.0126,"Underperforming, High Cost"
2024-09-06,Google Ads,Video,SaaS,India,47176,1278,1827.54,62,2278.75,0.0271,1.43,29.48,1.25,0.0485,Underperforming
2024-06-25,Google Ads,Search,E-commerce,UAE,88323,3965,9357.4,95,8337.4,0.0449,2.36,98.5,0.89,0.024,"Underperforming, High Cost"
2024-11-28,Google Ads,Video,Healthcare,Germany,24755,811,2011.28,8,1786.84,0.0328,2.48,251.41,0.89,0.0099,"Underperforming, High Cost"
2024-03-04,Google Ads,Video,E-commerce,UAE,99410,4195,3481.85,196,56004.19,0.0422,0.83,17.76,16.08,0.0467,
2024-01-16,Google Ads,Search,Healthcare,UK,175381,4226,3845.66,204,11471.83,0.0241,0.91,18.85,2.98,0.0483,
2024-10-29,Google Ads,Video,SaaS,UK,174741,7129,15469.93,326,58786.78,0.0408,2.17,47.45,3.8,0.0457,
2024-06-06,Google Ads,Search,SaaS,UAE,187941,9303,21675.99,528,92564.99,0.0495,2.33,41.05,4.27,0.0568,
2024-01-07,Google Ads,Video,Fintech,UAE,32476,1136,1863.04,86,21754.11,0.035,1.64,21.66,11.68,0.0757,
2024-01-31,Google Ads,Display,Fintech,Canada,64739,1599,5212.74,109,22723.24,0.0247,3.26,47.82,4.36,0.0682,
2024-05-06,Google Ads,Search,EdTech,UK,51666,2965,8657.8,80,16836.59,0.0574,2.92,108.22,1.94,0.027,"Underperforming, High Cost"
2024-02-16,Google Ads,Shopping,SaaS,UAE,50206,2399,4845.98,163,5571.38,0.0478,2.02,29.73,1.15,0.0679,Underperforming
2024-10-08,Google Ads,Video,Fintech,UAE,194099,4774,11887.26,134,8446.21,0.0246,2.49,88.71,0.71,0.0281,"Underperforming, High Cost"
2024-01-19,Google Ads,Shopping,Fintech,UK,55075,3056,7212.16,156,5145.31,0.0555,2.36,46.23,0.71,0.051,Underperforming
2024-04-28,Google Ads,Shopping,EdTech,India,81830,4091,5931.95,49,7206.83,0.05,1.45,121.06,1.21,0.012,"Underperforming, High Cost"
2024-06-24,Google Ads,Shopping,E-commerce,Germany,184030,5649,12597.27,90,23192.98,0.0307,2.23,139.97,1.84,0.0159,"Underperforming, High Cost"
2024-04-22,Google Ads,Video,Healthcare,Canada,164504,3322,6876.54,96,10570.76,0.0202,2.07,71.63,1.54,0.0289,Underperforming
2024-07-29,Google Ads,Search,E-commerce,Germany,135011,3496,6607.44,254,69461.44,0.0259,1.89,26.01,10.51,0.0727,
2024-08-04,Google Ads,Display,Healthcare,USA,24359,1461,3418.74,35,4110.39,0.06,2.34,97.68,1.2,0.024,"Underperforming, High Cost"
2024-04-13,Google Ads,Shopping,SaaS,Canada,165104,7958,24590.22,105,29946.1,0.0482,3.09,234.19,1.22,0.0132,"Underperforming, High Cost"
2024-01-17,Google Ads,Video,Fintech,Canada,49109,1203,3921.78,25,4734.61,0.0245,3.26,156.87,1.21,0.0208,"Underperforming, High Cost"
2024-08-02,Google Ads,Video,Fintech,Germany,33750,1410,2693.1,106,5682.79,0.0418,1.91,25.41,2.11,0.0752,
2024-03-23,Google Ads,Display,SaaS,India,150465,5311,16623.43,295,57602.12,0.0353,3.13,56.35,3.47,0.0555,
2024-08-17,Google Ads,Display,SaaS,Germany,41375,2350,5170.0,148,14702.27,0.0568,2.2,34.93,2.84,0.063,
2024-01-10,Google Ads,Video,Healthcare,Australia,131031,6092,17910.48,482,116431.98,0.0465,2.94,37.16,6.5,0.0791,
2024-10-05,Google Ads,Search,Fintech,Australia,143241,7133,14693.98,272,60208.51,0.0498,2.06,54.02,4.1,0.0381,
2024-10-20,Google Ads,Search,Healthcare,Germany,91491,4053,7052.22,140,19432.37,0.0443,1.74,50.37,2.76,0.0345,
2024-12-04,Google Ads,Video,E-commerce,UK,154741,6019,6259.76,220,38586.7,0.0389,1.04,28.45,6.16,0.0366,
2024-09-15,Google Ads,Video,Fintech,USA,194281,5906,14765.0,371,20958.57,0.0304,2.5,39.8,1.42,0.0628,Underperforming
2024-05-11,Google Ads,Video,SaaS,UAE,132441,2436,5091.24,135,8958.33,0.0184,2.09,37.71,1.76,0.0554,Underperforming
2024-09-30,Google Ads,Search,Healthcare,UAE,50076,2964,10077.6,94,28058.66,0.0592,3.4,107.21,2.78,0.0317,High Cost
2024-10-30,Google Ads,Search,SaaS,Australia,180590,4857,7334.07,333,91782.77,0.0269,1.51,22.02,12.51,0.0686,
2024-01-05,Google Ads,Video,SaaS,India,135223,3285,9920.7,201,46154.22,0.0243,3.02,49.36,4.65,0.0612,
2024-03-03,Google Ads,Video,Healthcare,Germany,76442,2392,3922.88,160,14390.19,0.0313,1.64,24.52,3.67,0.0669,
2024-11-12,Google Ads,Video,EdTech,Germany,57335,1869,5139.75,133,11136.73,0.0326,2.75,38.64,2.17,0.0712,
2024-04-30,Google Ads,Shopping,Fintech,India,72902,4942,16308.6,323,33499.38,0.0678,3.3,50.49,2.05,0.0654,
2024-02-17,Google Ads,Video,Fintech,UAE,15046,400,472.0,4,142.71,0.0266,1.18,118.0,0.3,0.01,"Underperforming, High Cost"
2024-02-21,Google Ads,Search,Healthcare,India,13083,707,1682.66,41,10442.74,0.054,2.38,41.04,6.21,0.058,
2024-06-09,Google Ads,Search,EdTech,Canada,107548,4258,13625.6,145,17656.92,0.0396,3.2,93.97,1.3,0.0341,"Underperforming, High Cost"
2024-05-31,Google Ads,Search,Fintech,UAE,50111,2320,6333.6,153,30016.66,0.0463,2.73,41.4,4.74,0.0659,
2024-03-22,Google Ads,Display,SaaS,Germany,65985,1445,1184.9,63,4237.85,0.0219,0.82,18.81,3.58,0.0436,
2024-11-02,Google Ads,Video,SaaS,Canada,7802,340,805.8,14,799.08,0.0436,2.37,57.56,0.99,0.0412,Underperforming
2024-10-22,Google Ads,Search,EdTech,USA,15960,750,1290.0,40,6919.55,0.047,1.72,32.25,5.36,0.0533,
2024-06-30,Google Ads,Display,E-commerce,India,64757,3976,5685.68,58,4380.33,0.0614,1.43,98.03,0.77,0.0146,"Underperforming, High Cost"
2024-12-08,Google Ads,Display,Healthcare,UAE,121832,6786,8007.48,139,28929.72,0.0557,1.18,57.61,3.61,0.0205,
2024-09-11,Google Ads,Video,E-commerce,USA,88514,1610,1384.6,77,22165.04,0.0182,0.86,17.98,16.01,0.0478,
2024-07-27,Google Ads,Video,SaaS,UAE,190890,7616,8834.56,141,25751.07,0.0399,1.16,62.66,2.91,0.0185,
2024-11-02,Google Ads,Display,EdTech,UK,146295,3394,11573.54,195,49666.69,0.0232,3.41,59.35,4.29,0.0575,
2024-06-01,Google Ads,Shopping,EdTech,Australia,18149,918,1487.16,14,3557.93,0.0506,1.62,106.23,2.39,0.0153,High Cost
2024-06-29,Google Ads,Display,Healthcare,USA,35346,1279,3248.66,48,1649.56,0.0362,2.54,67.68,0.51,0.0375,Underperforming
2024-04-05,Google Ads,Video,SaaS,Canada,177115,8005,23214.5,460,108688.43,0.0452,2.9,50.47,4.68,0.0575,
2024-09-10,Google Ads,Shopping,E-commerce,UAE,104969,5773,8197.66,142,24245.52,0.055,1.42,57.73,2.96,0.0246,
2024-04-15,Google Ads,Video,E-commerce,Canada,33807,807,1638.21,25,5072.77,0.0239,2.03,65.53,3.1,0.031,
2024-11-17,Google Ads,Search,EdTech,UK,115282,4876,18333.76,77,2427.15,0.0423,3.76,238.1,0.13,0.0158,"Underperforming, High Cost"
2024-02-27,Google Ads,Display,Healthcare,USA,45880,2817,3211.38,62,2770.83,0.0614,1.14,51.8,0.86,0.022,Underperforming
2024-03-11,Google Ads,Video,SaaS,Canada,183448,8053,16750.24,351,74979.38,0.0439,2.08,47.72,4.48,0.0436,
2024-08-04,Google Ads,Shopping,EdTech,UK,158627,7725,22248.0,299,66700.13,0.0487,2.88,74.41,3.0,0.0387,
2024-08-07,Google Ads,Display,Healthcare,India,90550,3966,10946.16,207,7960.57,0.0438,2.76,52.88,0.73,0.0522,Underperforming
2024-09-07,Google Ads,Shopping,EdTech,USA,91150,4119,15775.77,98,4547.95,0.0452,3.83,160.98,0.29,0.0238,"Underperforming, High Cost"
2024-04-20,Google Ads,Display,Fintech,India,157832,4072,9691.36,124,34560.39,0.0258,2.38,78.16,3.57,0.0305,
2024-09-27,Google Ads,Video,Fintech,India,28958,1355,3888.85,49,13909.3,0.0468,2.87,79.36,3.58,0.0362,
2024-08-28,Google Ads,Video,EdTech,UAE,145119,9998,14597.08,233,60859.85,0.0689,1.46,62.65,4.17,0.0233,
2024-12-30,Google Ads,Shopping,Healthcare,Canada,148041,8053,27943.91,98,4146.07,0.0544,3.47,285.14,0.15,0.0122,"Underperforming, High Cost"
2024-09-25,Google Ads,Display,E-commerce,UK,25195,738,1926.18,12,432.4,0.0293,2.61,160.52,0.22,0.0163,"Underperforming, High Cost"
2024-01-21,Google Ads,Display,EdTech,Australia,186465,8689,21027.38,367,57833.06,0.0466,2.42,57.3,2.75,0.0422,
2024-09-06,Google Ads,Shopping,Fintech,Australia,136960,5382,7642.44,230,39826.63,0.0393,1.42,33.23,5.21,0.0427,
2024-04-21,Google Ads,Video,EdTech,USA,193405,7852,7537.92,459,79715.61,0.0406,0.96,16.42,10.58,0.0585,
2024-02-07,Google Ads,Search,Fintech,Germany,163349,7906,21188.08,360,44353.83,0.0484,2.68,58.86,2.09,0.0455,
2024-08-31,Google Ads,Video,Healthcare,USA,166957,5476,6680.72,137,35345.21,0.0328,1.22,48.76,5.29,0.025,
2024-11-04,Google Ads,Display,EdTech,India,158441,3976,10814.72,300,51868.85,0.0251,2.72,36.05,4.8,0.0755,
2024-12-25,Google Ads,Display,E-commerce,UK,10380,503,1006.0,15,1306.45,0.0485,2.0,67.07,1.3,0.0298,Underperforming
2024-09-21,Google Ads,Shopping,SaaS,Australia,27791,930,1385.7,73,10712.26,0.0335,1.49,18.98,7.73,0.0785,
2024-09-03,Google Ads,Video,SaaS,USA,177472,9210,18696.3,410,45066.38,0.0519,2.03,45.6,2.41,0.0445,
2024-05-26,Google Ads,Display,Healthcare,Australia,25967,656,1764.64,24,1078.62,0.0253,2.69,73.53,0.61,0.0366,Underperforming
2024-12-22,Google Ads,Display,Fintech,UK,45364,1628,2002.44,113,10930.4,0.0359,1.23,17.72,5.46,0.0694,
2024-01-15,Google Ads,Display,E-commerce,UK,62320,3857,3895.57,158,17905.2,0.0619,1.01,24.66,4.6,0.041,
2024-09-01,Google Ads,Search,SaaS,USA,27778,1902,2948.1,125,15444.21,0.0685,1.55,23.58,5.24,0.0657,
2024-11-29,Google Ads,Search,Healthcare,UK,195606,10817,38184.01,122,7355.91,0.0553,3.53,312.98,0.19,0.0113,"Underperforming, High Cost"
2024-04-26,Google Ads,Video,SaaS,USA,86560,5323,4843.93,94,8283.62,0.0615,0.91,51.53,1.71,0.0177,Underperforming
2024-03-11,Google Ads,Video,Fintech,USA,89845,2605,4532.7,155,14107.55,0.029,1.74,29.24,3.11,0.0595,
2024-08-15,Google Ads,Display,Healthcare,USA,95153,5404,9186.8,74,20688.95,0.0568,1.7,124.15,2.25,0.0137,High Cost
2024-11-27,Google Ads,Shopping,EdTech,Canada,155338,10718,19935.48,411,112821.78,0.069,1.86,48.5,5.66,0.0383,
2024-11-13,Google Ads,Video,EdTech,Canada,179877,4317,10965.18,215,13004.03,0.024,2.54,51.0,1.19,0.0498,Underperforming
2024-01-16,Google Ads,Search,EdTech,Germany,192593,4949,9056.67,172,20836.16,0.0257,1.83,52.66,2.3,0.0348,
2024-12-21,Google Ads,Search,Healthcare,India,101355,4459,11370.45,122,10455.25,0.044,2.55,93.2,0.92,0.0274,"Underperforming, High Cost"
2024-02-16,Google Ads,Display,EdTech,Canada,197974,4375,10631.25,347,73971.79,0.0221,2.43,30.64,6.96,0.0793,
2024-10-16,Google Ads,Shopping,Fintech,USA,163178,5172,11430.12,325,14305.21,0.0317,2.21,35.17,1.25,0.0628,Underperforming
2024-01-29,Google Ads,Display,EdTech,USA,168471,6014,5833.58,117,25231.33,0.0357,0.97,49.86,4.33,0.0195,
2024-08-30,Google Ads,Shopping,Fintech,Germany,20915,913,940.39,37,3637.08,0.0437,1.03,25.42,3.87,0.0405,
2024-05-17,Google Ads,Display,E-commerce,Australia,107885,3344,6988.96,262,51456.48,0.031,2.09,26.68,7.36,0.0783,
2024-05-23,Google Ads,Video,E-commerce,Germany,162242,5110,13643.7,118,30643.55,0.0315,2.67,115.62,2.25,0.0231,High Cost
2024-08-03,Google Ads,Video,SaaS,Canada,185948,5373,3922.29,82,15594.76,0.0289,0.73,47.83,3.98,0.0153,
2024-07-13,Google Ads,Shopping,Healthcare,Australia,98375,1898,6358.3,45,2253.91,0.0193,3.35,141.3,0.35,0.0237,"Underperforming, High Cost"
2024-07-22,Google Ads,Video,Healthcare,USA,190826,12174,21304.5,933,139478.01,0.0638,1.75,22.83,6.55,0.0766,
2024-07-19,Google Ads,Shopping,E-commerce,India,52547,2806,6032.9,47,13262.4,0.0534,2.15,128.36,2.2,0.0167,High Cost
2024-05-15,Google Ads,Search,Healthcare,India,139648,4398,13194.0,347,82597.15,0.0315,3.0,38.02,6.26,0.0789,
2024-07-29,Google Ads,Search,Fintech,Germany,63001,3181,4707.88,94,3324.55,0.0505,1.48,50.08,0.71,0.0296,Underperforming
2024-06-19,Google Ads,Shopping,Healthcare,UK,172570,3692,7974.72,53,15699.11,0.0214,2.16,150.47,1.97,0.0144,"Underperforming, High Cost"
2024-04-09,Google Ads,Video,Fintech,UAE,196510,10316,20632.0,282,66245.27,0.0525,2.0,73.16,3.21,0.0273,
2024-05-13,Google Ads,Display,EdTech,Canada,140875,6818,15340.5,142,28774.25,0.0484,2.25,108.03,1.88,0.0208,"Underperforming, High Cost"
2024-10-19,Google Ads,Search,Fintech,USA,103991,3067,7943.53,142,36045.3,0.0295,2.59,55.94,4.54,0.0463,
2024-10-25,Google Ads,Video,EdTech,Germany,22637,876,1068.72,16,2623.14,0.0387,1.22,66.8,2.45,0.0183,
2024-10-23,Google Ads,Shopping,Fintech,UK,51032,3036,6770.28,195,18761.36,0.0595,2.23,34.72,2.77,0.0642,
2024-06-05,Google Ads,Display,Healthcare,UK,151595,9262,16301.12,572,85249.68,0.0611,1.76,28.5,5.23,0.0618,
2024-06-23,Google Ads,Video,SaaS,Australia,121565,2601,5306.04,176,34156.84,0.0214,2.04,30.15,6.44,0.0677,
2024-01-28,Google Ads,Display,E-commerce,Australia,38005,1489,2248.39,79,23043.93,0.0392,1.51,28.46,10.25,0.0531,
2024-01-15,Google Ads,Search,E-commerce,India,91348,2914,5041.22,98,14981.67,0.0319,1.73,51.44,2.97,0.0336,
2024-08-22,Google Ads,Display,E-commerce,UK,87607,3661,11532.15,106,31383.75,0.0418,3.15,108.79,2.72,0.029,High Cost
2024-12-12,Google Ads,Shopping,SaaS,Canada,162064,5607,13568.94,77,8174.03,0.0346,2.42,176.22,0.6,0.0137,"Underperforming, High Cost"
2024-02-06,Google Ads,Display,E-commerce,UAE,79525,2298,3630.84,119,21777.03,0.0289,1.58,30.51,6.0,0.0518,
2024-05-18,Google Ads,Display,SaaS,UAE,13294,583,804.54,46,11553.7,0.0439,1.38,17.49,14.36,0.0789,
2024-07-09,Google Ads,Search,Healthcare,UK,18601,706,1412.0,54,3302.39,0.038,2.0,26.15,2.34,0.0765,
2024-11-29,Google Ads,Shopping,Healthcare,UAE,146583,2990,4813.9,114,8660.28,0.0204,1.61,42.23,1.8,0.0381,Underperforming
2024-11-17,Google Ads,Shopping,Fintech,Australia,46745,2140,7361.6,38,5289.97,0.0458,3.44,193.73,0.72,0.0178,"Underperforming, High Cost"
2024-12-09,Google Ads,Display,E-commerce,Canada,39505,2251,6888.06,149,30920.99,0.057,3.06,46.23,4.49,0.0662,
2024-03-11,Google Ads,Shopping,Healthcare,Germany,179342,4071,9200.46,195,30682.52,0.0227,2.26,47.18,3.33,0.0479,
2024-10-27,Google Ads,Video,Fintech,UAE,75410,3039,2887.05,239,29467.42,0.0403,0.95,12.08,10.21,0.0786,
2024-06-28,Google Ads,Search,Healthcare,UAE,83488,4049,4656.35,45,2103.0,0.0485,1.15,103.47,0.45,0.0111,"Underperforming, High Cost"
2024-10-25,Google Ads,Video,EdTech,UAE,195664,6378,16582.8,312,33814.66,0.0326,2.6,53.15,2.04,0.0489,
2024-06-06,Google Ads,Display,E-commerce,Australia,58266,2651,3234.22,103,3487.43,0.0455,1.22,31.4,1.08,0.0389,Underperforming
2024-11-30,Google Ads,Shopping,EdTech,UK,61902,2599,7589.08,160,43994.91,0.042,2.92,47.43,5.8,0.0616,
2024-11-14,Google Ads,Display,Healthcare,India,30757,1202,3918.52,60,5647.0,0.0391,3.26,65.31,1.44,0.0499,Underperforming
2024-04-11,Google Ads,Display,Healthcare,Canada,17578,330,1013.1,20,3553.78,0.0188,3.07,50.66,3.51,0.0606,
2024-02-02,Google Ads,Display,E-commerce,USA,65530,2018,5670.58,117,12114.63,0.0308,2.81,48.47,2.14,0.058,
2024-02-10,Google Ads,Shopping,E-commerce,UAE,24198,1214,1638.9,60,11611.94,0.0502,1.35,27.32,7.09,0.0494,
2024-07-31,Google Ads,Display,SaaS,India,80324,2337,6987.63,50,12463.37,0.0291,2.99,139.75,1.78,0.0214,"Underperforming, High Cost"
2024-04-22,Google Ads,Search,SaaS,Germany,160525,6003,10025.01,106,12306.27,0.0374,1.67,94.58,1.23,0.0177,"Underperforming, High Cost"
2024-02-27,Google Ads,Display,Fintech,Germany,104821,4224,5744.64,307,89314.07,0.0403,1.36,18.71,15.55,0.0727,
2024-10-03,Google Ads,Video,Healthcare,India,48118,1616,5914.56,129,28604.24,0.0336,3.66,45.85,4.84,0.0798,
2024-02-14,Google Ads,Display,Healthcare,UK,25497,1142,2101.28,75,18551.01,0.0448,1.84,28.02,8.83,0.0657,
2024-10-08,Google Ads,Video,EdTech,UK,120475,7794,6079.32,530,143639.1,0.0647,0.78,11.47,23.63,0.068,
2024-08-19,Google Ads,Shopping,Healthcare,Germany,125019,8251,31106.27,609,135443.82,0.066,3.77,51.08,4.35,0.0738,
2024-05-31,Google Ads,Display,SaaS,USA,183373,7169,11111.95,342,18314.28,0.0391,1.55,32.49,1.65,0.0477,Underperforming
2024-01-07,Google Ads,Video,E-commerce,Germany,25080,1113,2916.06,49,2232.61,0.0444,2.62,59.51,0.77,0.044,Underperforming
2024-05-26,Google Ads,Video,SaaS,Canada,27593,896,2141.44,48,8087.57,0.0325,2.39,44.61,3.78,0.0536,
2024-02-02,Google Ads,Shopping,Healthcare,UAE,149848,9290,18301.3,537,106414.01,0.062,1.97,34.08,5.81,0.0578,
2024-09-03,Google Ads,Video,SaaS,Australia,143235,3981,7285.23,125,27104.75,0.0278,1.83,58.28,3.72,0.0314,
2024-09-25,Google Ads,Video,Fintech,USA,14096,476,614.04,34,3175.83,0.0338,1.29,18.06,5.17,0.0714,
2024-04-02,Google Ads,Video,SaaS,USA,31855,1411,2398.7,60,3201.45,0.0443,1.7,39.98,1.33,0.0425,Underperforming
2024-02-19,Google Ads,Search,EdTech,UAE,95218,2199,5255.61,103,17399.72,0.0231,2.39,51.03,3.31,0.0468,
2024-02-06,Google Ads,Shopping,E-commerce,Germany,102409,3389,12132.62,149,31253.87,0.0331,3.58,81.43,2.58,0.044,
2024-09-12,Google Ads,Search,E-commerce,India,31049,1021,3379.51,31,7117.65,0.0329,3.31,109.02,2.11,0.0304,High Cost
2024-02-13,Google Ads,Search,SaaS,Australia,153865,5785,9834.5,139,16979.34,0.0376,1.7,70.75,1.73,0.024,Underperforming
2024-08-04,Google Ads,Video,Fintech,Australia,39001,1450,3799.0,18,5256.07,0.0372,2.62,211.06,1.38,0.0124,"Underperforming, High Cost"
2024-04-10,Google Ads,Search,E-commerce,USA,166687,11384,8310.32,899,139644.2,0.0683,0.73,9.24,16.8,0.079,
2024-05-31,Google Ads,Display,SaaS,Canada,117000,7979,11729.13,366,14373.81,0.0682,1.47,32.05,1.23,0.0459,Underperforming
2024-07-03,Google Ads,Display,Fintech,UK,46585,1504,3308.8,85,13372.82,0.0323,2.2,38.93,4.04,0.0565,
2024-03-27,Google Ads,Display,Fintech,USA,129679,5848,8655.04,158,32419.87,0.0451,1.48,54.78,3.75,0.027,
2024-11-16,Google Ads,Shopping,SaaS,Germany,119132,3466,7590.54,261,30598.06,0.0291,2.19,29.08,4.03,0.0753,
2024-05-05,Google Ads,Video,E-commerce,Canada,43634,1937,4610.06,58,15065.19,0.0444,2.38,79.48,3.27,0.0299,
2024-11-09,Google Ads,Shopping,SaaS,Germany,30852,684,1087.56,11,2813.84,0.0222,1.59,98.87,2.59,0.0161,High Cost
2024-12-11,Google Ads,Shopping,EdTech,UK,154058,3728,9170.88,125,7520.81,0.0242,2.46,73.37,0.82,0.0335,Underperforming
2024-06-14,Google Ads,Display,SaaS,India,160579,7804,10613.44,193,9996.49,0.0486,1.36,54.99,0.94,0.0247,Underperforming
2024-02-11,Google Ads,Search,SaaS,UK,137156,5253,11293.95,280,75085.66,0.0383,2.15,40.34,6.65,0.0533,
2024-12-28,Google Ads,Shopping,Fintech,India,123292,2527,8970.85,179,36566.56,0.0205,3.55,50.12,4.08,0.0708,
2024-02-20,Google Ads,Shopping,SaaS,Canada,147727,7534,17554.22,206,23788.98,0.051,2.33,85.21,1.36,0.0273,"Underperforming, High Cost"
2024-10-25,Google Ads,Display,Fintech,Australia,158481,6053,9866.39,116,30091.81,0.0382,1.63,85.06,3.05,0.0192,High Cost
2024-12-12,Google Ads,Search,E-commerce,India,38512,1840,2465.6,53,3324.76,0.0478,1.34,46.52,1.35,0.0288,Underperforming
2024-09-09,Google Ads,Video,E-commerce,Canada,103348,1891,2912.14,30,1064.02,0.0183,1.54,97.07,0.37,0.0159,"Underperforming, High Cost"
2024-02-04,Google Ads,Search,EdTech,UAE,167198,5132,11854.92,120,19874.34,0.0307,2.31,98.79,1.68,0.0234,"Underperforming, High Cost"
2024-04-17,Google Ads,Display,E-commerce,Germany,177420,7646,18503.32,478,110744.54,0.0431,2.42,38.71,5.99,0.0625,
2024-02-21,Google Ads,Search,SaaS,UAE,195067,9129,8672.55,128,24006.78,0.0468,0.95,67.75,2.77,0.014,
2024-01-30,Google Ads,Display,EdTech,USA,44435,1453,3894.04,48,6345.04,0.0327,2.68,81.13,1.63,0.033,Underperforming
2024-01-06,Google Ads,Video,E-commerce,UK,139158,3061,3887.47,118,15835.46,0.022,1.27,32.94,4.07,0.0385,
2024-07-06,Google Ads,Search,Healthcare,Germany,103053,2607,5709.33,194,39533.49,0.0253,2.19,29.43,6.92,0.0744,
2024-02-29,Google Ads,Display,Fintech,Canada,44140,2101,2206.05,55,6735.72,0.0476,1.05,40.11,3.05,0.0262,
2024-09-22,Google Ads,Search,Fintech,India,181976,7752,13333.44,255,75491.87,0.0426,1.72,52.29,5.66,0.0329,
2024-12-10,Google Ads,Shopping,Healthcare,UK,103902,3927,4555.32,215,37434.38,0.0378,1.16,21.19,8.22,0.0547,
2024-06-02,Google Ads,Search,EdTech,USA,16955,440,800.8,30,3274.44,0.026,1.82,26.69,4.09,0.0682,
2024-07-22,Google Ads,Display,E-commerce,Australia,12546,725,1051.25,43,2269.78,0.0578,1.45,24.45,2.16,0.0593,
2024-05-27,Google Ads,Search,Fintech,Canada,161554,6252,19068.6,361,57767.01,0.0387,3.05,52.82,3.03,0.0577,
2024-07-19,Google Ads,Shopping,Fintech,India,23773,461,737.6,5,642.97,0.0194,1.6,147.52,0.87,0.0108,"Underperforming, High Cost"
2024-08-28,Google Ads,Display,Healthcare,UK,15796,301,574.91,17,1137.71,0.0191,1.91,33.82,1.98,0.0565,Underperforming
2024-07-08,Google Ads,Shopping,EdTech,USA,93623,6319,7898.75,83,20925.73,0.0675,1.25,95.17,2.65,0.0131,High Cost
2024-04-30,Google Ads,Shopping,Healthcare,UAE,155018,9146,27072.16,495,33297.83,0.059,2.96,54.69,1.23,0.0541,Underperforming
2024-11-03,Google Ads,Search,EdTech,Canada,13614,744,2209.68,54,11111.12,0.0546,2.97,40.92,5.03,0.0726,
2024-12-16,Google Ads,Display,SaaS,Australia,7594,225,267.75,7,1275.11,0.0296,1.19,38.25,4.76,0.0311,
2024-12-23,Google Ads,Video,E-commerce,UAE,83845,2599,6991.31,137,29891.75,0.031,2.69,51.03,4.28,0.0527,
2024-05-17,Google Ads,Display,Healthcare,Germany,195610,9956,23595.72,401,116291.87,0.0509,2.37,58.84,4.93,0.0403,
2024-09-14,Google Ads,Display,Healthcare,UAE,63812,2686,8004.28,84,6979.61,0.0421,2.98,95.29,0.87,0.0313,"Underperforming, High Cost"
2024-08-28,Google Ads,Video,Fintech,UAE,33794,1030,1802.5,25,1849.39,0.0305,1.75,72.1,1.03,0.0243,Underperforming
2024-12-29,Google Ads,Shopping,SaaS,Canada,149438,3287,12260.51,153,8351.95,0.022,3.73,80.13,0.68,0.0465,Underperforming
2024-07-27,Google Ads,Search,SaaS,UAE,85729,1757,5306.14,90,21584.82,0.0205,3.02,58.96,4.07,0.0512,
2024-03-21,Google Ads,Display,Healthcare,Canada,77964,2915,9852.7,161,14283.0,0.0374,3.38,61.2,1.45,0.0552,Underperforming
2024-04-12,Google Ads,Search,Fintech,UK,102677,3131,11490.77,79,13056.26,0.0305,3.67,145.45,1.14,0.0252,"Underperforming, High Cost"
2024-12-29,Google Ads,Search,Fintech,Germany,137737,3925,3532.5,78,11545.1,0.0285,0.9,45.29,3.27,0.0199,
2024-05-05,Google Ads,Shopping,EdTech,USA,93534,3544,3366.8,187,32280.5,0.0379,0.95,18.0,9.59,0.0528,
2024-06-17,Google Ads,Video,Fintech,Australia,127475,7342,17180.28,574,74747.49,0.0576,2.34,29.93,4.35,0.0782,
2024-09-09,Google Ads,Display,SaaS,USA,82700,2679,2303.94,140,20788.45,0.0324,0.86,16.46,9.02,0.0523,
2024-06-22,Google Ads,Video,Healthcare,UK,115415,3866,12719.14,280,61322.57,0.0335,3.29,45.43,4.82,0.0724,
2024-09-14,Google Ads,Search,E-commerce,Canada,157963,5607,4934.16,205,50937.22,0.0355,0.88,24.07,10.32,0.0366,
2024-01-05,Google Ads,Shopping,Healthcare,UAE,20091,956,3259.96,36,9230.05,0.0476,3.41,90.55,2.83,0.0377,High Cost
2024-12-19,Google Ads,Display,E-commerce,Canada,126946,6728,15541.68,132,34256.99,0.053,2.31,117.74,2.2,0.0196,High Cost
2024-04-26,Google Ads,Video,Healthcare,UK,140091,7242,18249.84,347,24525.17,0.0517,2.52,52.59,1.34,0.0479,Underperforming
2024-11-10,Google Ads,Search,Healthcare,USA,77968,3001,8552.85,193,31448.71,0.0385,2.85,44.32,3.68,0.0643,
2024-06-29,Google Ads,Video,EdTech,UAE,93545,2974,3449.84,58,4267.11,0.0318,1.16,59.48,1.24,0.0195,Underperforming
2024-07-23,Google Ads,Display,E-commerce,Australia,73683,3757,12473.24,131,33721.52,0.051,3.32,95.22,2.7,0.0349,High Cost
2024-09-06,Google Ads,Shopping,E-commerce,Canada,193613,9157,25548.03,458,127981.37,0.0473,2.79,55.78,5.01,0.05,
2024-11-25,Google Ads,Display,EdTech,Australia,158138,2846,5805.84,143,22164.01,0.018,2.04,40.6,3.82,0.0502,
2024-06-28,Google Ads,Video,Healthcare,UAE,134814,2804,5355.64,195,46646.16,0.0208,1.91,27.46,8.71,0.0695,
2024-02-19,Google Ads,Search,E-commerce,Australia,102366,2589,4116.51,148,35080.15,0.0253,1.59,27.81,8.52,0.0572,
2024-04-02,Google Ads,Shopping,EdTech,UAE,119183,5041,17038.58,121,25438.17,0.0423,3.38,140.81,1.49,0.024,"Underperforming, High Cost"
2024-02-17,Google Ads,Video,SaaS,Canada,150213,5242,16512.3,332,64497.69,0.0349,3.15,49.74,3.91,0.0633,
2024-01-07,Google Ads,Shopping,EdTech,USA,73305,3635,9014.8,47,2210.35,0.0496,2.48,191.8,0.25,0.0129,"Underperforming, High Cost"
2024-02-05,Google Ads,Shopping,EdTech,USA,12045,255,515.1,4,161.02,0.0212,2.02,128.78,0.31,0.0157,"Underperforming, High Cost"
2024-05-08,Google Ads,Video,Fintech,UAE,77796,3703,9887.01,182,43235.35,0.0476,2.67,54.32,4.37,0.0491,
2024-03-17,Google Ads,Search,Fintech,Germany,138154,9518,21129.96,534,24562.44,0.0689,2.22,39.57,1.16,0.0561,Underperforming
2024-08-12,Google Ads,Shopping,EdTech,Germany,13947,718,1120.08,44,11863.61,0.0515,1.56,25.46,10.59,0.0613,
2024-11-08,Google Ads,Display,EdTech,Germany,199164,6671,21280.49,118,27461.46,0.0335,3.19,180.34,1.29,0.0177,"Underperforming, High Cost"
2024-08-29,Google Ads,Search,E-commerce,UAE,37827,2072,1678.32,133,19268.21,0.0548,0.81,12.62,11.48,0.0642,
2024-06-24,Google Ads,Display,SaaS,Germany,180848,5515,18309.8,362,84316.14,0.0305,3.32,50.58,4.6,0.0656,
2024-02-19,Google Ads,Video,Fintech,UAE,30545,1728,2989.44,51,3408.09,0.0566,1.73,58.62,1.14,0.0295,Underperforming
2024-10-24,Google Ads,Shopping,Fintech,India,149064,5724,7555.68,369,107029.4,0.0384,1.32,20.48,14.17,0.0645,
2024-07-12,Google Ads,Search,SaaS,Australia,146677,7597,10787.74,186,35941.14,0.0518,1.42,58.0,3.33,0.0245,
2024-05-02,Google Ads,Display,SaaS,Australia,127232,3867,11407.65,177,6676.28,0.0304,2.95,64.45,0.59,0.0458,Underperforming
2024-12-21,Google Ads,Video,SaaS,UK,83243,2821,8547.63,181,43894.09,0.0339,3.03,47.22,5.14,0.0642,
2024-07-30,Google Ads,Display,Healthcare,Canada,50411,1320,3537.6,49,12873.07,0.0262,2.68,72.2,3.64,0.0371,
2024-01-17,Google Ads,Shopping,Fintech,UK,100552,3861,7374.51,57,14567.86,0.0384,1.91,129.38,1.98,0.0148,"Underperforming, High Cost"
2024-07-02,Google Ads,Display,Fintech,UAE,32428,603,970.83,47,11645.06,0.0186,1.61,20.66,11.99,0.0779,
2024-11-13,Google Ads,Search,Healthcare,USA,84517,1664,3993.6,91,21828.0,0.0197,2.4,43.89,5.47,0.0547,
2024-06-23,Google Ads,Search,EdTech,UK,158778,7256,10884.0,431,17905.23,0.0457,1.5,25.25,1.65,0.0594,Underperforming
2024-04-16,Google Ads,Search,Healthcare,Germany,145284,8121,21601.86,503,135453.16,0.0559,2.66,42.95,6.27,0.0619,
2024-03-08,Google Ads,Search,SaaS,USA,185923,7827,28803.36,215,61106.18,0.0421,3.68,133.97,2.12,0.0275,High Cost
2024-03-10,Google Ads,Shopping,SaaS,Australia,71107,2936,7839.12,215,26952.54,0.0413,2.67,36.46,3.44,0.0732,
2024-06-30,Google Ads,Shopping,SaaS,UAE,79681,2916,6823.44,184,46327.26,0.0366,2.34,37.08,6.79,0.0631,
2024-06-13,Google Ads,Video,E-commerce,UAE,16766,846,2081.16,34,7254.65,0.0505,2.46,61.21,3.49,0.0402,
2024-02-07,Google Ads,Display,E-commerce,Germany,96931,5844,6545.28,297,47765.4,0.0603,1.12,22.04,7.3,0.0508,
2024-12-30,Google Ads,Shopping,E-commerce,UAE,45225,2211,2012.01,156,38495.98,0.0489,0.91,12.9,19.13,0.0706,
2024-08-16,Google Ads,Shopping,SaaS,UAE,89383,5631,20665.77,163,35918.24,0.063,3.67,126.78,1.74,0.0289,"Underperforming, High Cost"
2024-08-18,Google Ads,Display,EdTech,Canada,179159,6593,14702.39,459,76527.74,0.0368,2.23,32.03,5.21,0.0696,
2024-10-26,Google Ads,Shopping,SaaS,USA,189480,6290,22329.5,204,44620.04,0.0332,3.55,109.46,2.0,0.0324,High Cost
2024-08-12,Google Ads,Video,E-commerce,USA,116789,6586,17716.34,220,34309.56,0.0564,2.69,80.53,1.94,0.0334,Underperforming
2024-05-11,Google Ads,Search,SaaS,Canada,89833,4536,16964.64,166,42497.44,0.0505,3.74,102.2,2.51,0.0366,High Cost
2024-01-09,Google Ads,Search,SaaS,Australia,53544,1670,2354.7,20,4659.21,0.0312,1.41,117.73,1.98,0.012,"Underperforming, High Cost"
2024-10-29,Google Ads,Shopping,EdTech,USA,182395,8517,29383.65,517,27133.78,0.0467,3.45,56.83,0.92,0.0607,Underperforming
2024-11-09,Google Ads,Video,E-commerce,UAE,27612,963,3177.9,75,12575.02,0.0349,3.3,42.37,3.96,0.0779,
2024-10-05,Google Ads,Search,E-commerce,UAE,48953,2447,2716.17,144,17526.62,0.05,1.11,18.86,6.45,0.0588,
2024-04-18,Google Ads,Search,E-commerce,Germany,13484,382,511.88,23,1623.76,0.0283,1.34,22.26,3.17,0.0602,
2024-04-28,Google Ads,Display,Healthcare,UAE,135171,5231,9311.18,149,19918.92,0.0387,1.78,62.49,2.14,0.0285,
2024-02-06,Google Ads,Display,Healthcare,USA,51678,2966,7652.28,192,21240.9,0.0574,2.58,39.86,2.78,0.0647,
2024-06-28,Google Ads,Search,Fintech,UK,196883,10119,14976.12,636,121588.49,0.0514,1.48,23.55,8.12,0.0629,
2024-12-23,Google Ads,Search,EdTech,UAE,180627,8074,12756.92,266,72041.28,0.0447,1.58,47.96,5.65,0.0329,
2024-02-25,Google Ads,Video,SaaS,India,85196,2572,5889.88,34,8900.58,0.0302,2.29,173.23,1.51,0.0132,"Underperforming, High Cost"
2024-03-18,Google Ads,Video,E-commerce,Australia,74098,1911,5446.35,91,9234.96,0.0258,2.85,59.85,1.7,0.0476,Underperforming
2024-09-18,Google Ads,Video,Healthcare,UAE,141501,6452,19162.44,193,47970.13,0.0456,2.97,99.29,2.5,0.0299,High Cost
2024-03-30,Google Ads,Video,Fintech,UAE,81303,4154,8100.3,121,35667.19,0.0511,1.95,66.94,4.4,0.0291,
2024-06-15,Google Ads,Shopping,E-commerce,USA,138135,7721,12816.86,112,4652.6,0.0559,1.66,114.44,0.36,0.0145,"Underperforming, High Cost"
2024-11-04,Google Ads,Shopping,Fintech,India,70107,4045,11002.4,203,22267.98,0.0577,2.72,54.2,2.02,0.0502,
2024-03-06,Google Ads,Shopping,SaaS,UAE,193326,12334,15787.52,715,196162.94,0.0638,1.28,22.08,12.43,0.058,
2024-12-02,Google Ads,Video,Fintech,India,115760,2558,8160.02,164,37092.55,0.0221,3.19,49.76,4.55,0.0641,
2024-04-16,Google Ads,Search,Fintech,Germany,187831,7306,10009.22,321,91963.37,0.0389,1.37,31.18,9.19,0.0439,
2024-10-21,Google Ads,Search,EdTech,USA,121107,3148,7523.72,243,33241.31,0.026,2.39,30.96,4.42,0.0772,
2024-08-19,Google Ads,Shopping,Fintech,India,112930,2427,2305.65,53,10549.62,0.0215,0.95,43.5,4.58,0.0218,
2024-12-14,Google Ads,Video,SaaS,Canada,94767,4662,13519.8,136,33757.52,0.0492,2.9,99.41,2.5,0.0292,High Cost
2024-03-11,Google Ads,Video,Fintech,UK,41388,964,2930.56,72,19679.4,0.0233,3.04,40.7,6.72,0.0747,
2024-11-09,Google Ads,Shopping,EdTech,USA,52083,2781,7341.84,160,39686.47,0.0534,2.64,45.89,5.41,0.0575,
2024-12-02,Google Ads,Video,E-commerce,UAE,110109,2378,7585.82,41,6931.99,0.0216,3.19,185.02,0.91,0.0172,"Underperforming, High Cost"
2024-07-28,Google Ads,Shopping,Healthcare,Australia,79189,4315,3969.8,197,21995.7,0.0545,0.92,20.15,5.54,0.0457,
2024-03-08,Google Ads,Search,E-commerce,Canada,22414,472,1184.72,34,7160.99,0.0211,2.51,34.84,6.04,0.072,
2024-10-24,Google Ads,Display,EdTech,Germany,164457,8321,14644.96,610,27104.12,0.0506,1.76,24.01,1.85,0.0733,Underperforming
2024-11-17,Google Ads,Display,E-commerce,India,105477,6391,11759.44,116,17001.07,0.0606,1.84,101.37,1.45,0.0182,"Underperforming, High Cost"
2024-12-05,Google Ads,Video,Fintech,UK,160816,9745,11888.9,553,62922.41,0.0606,1.22,21.5,5.29,0.0567,
2024-09-02,Google Ads,Display,Healthcare,UK,23904,609,1010.94,35,7211.31,0.0255,1.66,28.88,7.13,0.0575,
2024-03-12,Google Ads,Video,SaaS,India,112399,3585,11149.35,91,20140.14,0.0319,3.11,122.52,1.81,0.0254,"Underperforming, High Cost"
2024-02-16,Google Ads,Video,E-commerce,Germany,180069,5780,8496.6,272,74348.97,0.0321,1.47,31.24,8.75,0.0471,
2024-03-29,Google Ads,Display,Healthcare,USA,79843,2427,3470.61,127,27833.99,0.0304,1.43,27.33,8.02,0.0523,
2024-09-26,Google Ads,Shopping,Fintech,Australia,161252,8046,24540.3,550,130994.6,0.0499,3.05,44.62,5.34,0.0684,
2024-12-12,Google Ads,Search,Healthcare,Canada,78606,3914,4814.22,88,6101.96,0.0498,1.23,54.71,1.27,0.0225,Underperforming
2024-02-22,Google Ads,Display,SaaS,Germany,31885,1613,1629.13,67,19023.45,0.0506,1.01,24.32,11.68,0.0415,
2024-07-30,Google Ads,Display,EdTech,India,44387,1886,5299.66,112,16115.2,0.0425,2.81,47.32,3.04,0.0594,
2024-02-23,Google Ads,Search,Fintech,USA,21198,703,1377.88,28,6226.83,0.0332,1.96,49.21,4.52,0.0398,
2024-03-15,Google Ads,Display,Healthcare,India,157270,5535,5535.0,356,86412.59,0.0352,1.0,15.55,15.61,0.0643,
2024-01-07,Google Ads,Video,E-commerce,UK,33433,1698,4975.14,60,4216.81,0.0508,2.93,82.92,0.85,0.0353,Underperforming
2024-09-02,Google Ads,Shopping,Healthcare,Canada,154631,4793,15050.02,155,15403.3,0.031,3.14,97.1,1.02,0.0323,"Underperforming, High Cost"
2024-09-10,Google Ads,Video,Fintech,India,46583,2319,6400.44,50,11413.39,0.0498,2.76,128.01,1.78,0.0216,"Underperforming, High Cost"
2024-03-11,Google Ads,Video,SaaS,UAE,122784,6237,16777.53,134,15407.61,0.0508,2.69,125.21,0.92,0.0215,"Underperforming, High Cost"
2024-08-20,Google Ads,Search,Fintech,India,83498,3531,3636.93,234,36561.1,0.0423,1.03,15.54,10.05,0.0663,
2024-03-17,Google Ads,Shopping,E-commerce,Germany,30118,951,3119.28,30,2408.76,0.0316,3.28,103.98,0.77,0.0315,"Underperforming, High Cost"
2024-12-18,Google Ads,Display,Healthcare,Australia,119911,4592,12995.36,163,24856.01,0.0383,2.83,79.73,1.91,0.0355,Underperforming
2024-08-06,Google Ads,Shopping,E-commerce,India,146788,6003,14527.26,476,104420.05,0.0409,2.42,30.52,7.19,0.0793,
2024-01-30,Google Ads,Video,SaaS,Australia,89052,2591,9483.06,190,12653.72,0.0291,3.66,49.91,1.33,0.0733,Underperforming
2024-10-29,Google Ads,Shopping,E-commerce,Germany,46971,2437,4971.48,141,14817.7,0.0519,2.04,35.26,2.98,0.0579,
2024-06-27,Google Ads,Display,EdTech,UAE,36391,1684,6045.56,18,4868.51,0.0463,3.59,335.86,0.81,0.0107,"Underperforming, High Cost"
2024-04-03,Google Ads,Display,EdTech,India,169575,3730,10108.3,284,8952.89,0.022,2.71,35.59,0.89,0.0761,Underperforming
2024-07-24,Google Ads,Video,E-commerce,UK,146656,5719,10008.25,357,62250.35,0.039,1.75,28.03,6.22,0.0624,
2024-05-25,Google Ads,Display,Fintech,Germany,116972,6269,17741.27,83,8852.61,0.0536,2.83,213.75,0.5,0.0132,"Underperforming, High Cost"
2024-03-24,Google Ads,Shopping,EdTech,UAE,26529,1106,1968.68,78,2995.39,0.0417,1.78,25.24,1.52,0.0705,Underperforming
2024-05-03,Google Ads,Search,Healthcare,India,136135,7936,10792.96,406,40442.85,0.0583,1.36,26.58,3.75,0.0512,
2024-09-06,Google Ads,Shopping,Healthcare,Germany,36092,1050,3864.0,34,1685.69,0.0291,3.68,113.65,0.44,0.0324,"Underperforming, High Cost"
2024-10-26,Google Ads,Display,Fintech,UAE,114914,3803,10230.07,224,67007.76,0.0331,2.69,45.67,6.55,0.0589,
2024-09-27,Google Ads,Display,EdTech,Australia,34652,866,1359.62,43,2728.57,0.025,1.57,31.62,2.01,0.0497,
2024-02-21,Google Ads,Display,EdTech,India,136585,5668,16380.52,120,20065.19,0.0415,2.89,136.5,1.22,0.0212,"Underperforming, High Cost"
2024-11-23,Google Ads,Display,Healthcare,Canada,192822,6228,20863.8,87,18207.05,0.0323,3.35,239.81,0.87,0.014,"Underperforming, High Cost"
2024-12-30,Google Ads,Search,Healthcare,UK,63738,1306,1214.58,87,16951.52,0.0205,0.93,13.96,13.96,0.0666,
2024-02-28,Google Ads,Search,Fintech,India,28267,1769,4581.71,33,1968.12,0.0626,2.59,138.84,0.43,0.0187,"Underperforming, High Cost"
2024-10-14,Google Ads,Shopping,E-commerce,Germany,34036,2086,7196.7,110,21503.08,0.0613,3.45,65.42,2.99,0.0527,
2024-09-19,Google Ads,Shopping,EdTech,UK,162353,3977,5766.65,57,15175.48,0.0245,1.45,101.17,2.63,0.0143,High Cost
2024-12-18,Google Ads,Video,Healthcare,India,184982,4772,14697.76,141,26098.46,0.0258,3.08,104.24,1.78,0.0295,"Underperforming, High Cost"
2024-08-16,Google Ads,Search,Fintech,UK,166673,4733,3975.72,336,98987.51,0.0284,0.84,11.83,24.9,0.071,
2024-06-05,Google Ads,Video,EdTech,UAE,109148,3951,7072.29,249,56329.34,0.0362,1.79,28.4,7.96,0.063,
2024-12-26,Google Ads,Video,EdTech,USA,173700,7208,16506.32,178,32171.36,0.0415,2.29,92.73,1.95,0.0247,"Underperforming, High Cost"
2024-12-15,Google Ads,Search,Healthcare,Australia,58520,3604,5333.92,265,78186.23,0.0616,1.48,20.13,14.66,0.0735,
2024-09-10,Google Ads,Video,Healthcare,Canada,111071,2865,8107.95,39,8971.28,0.0258,2.83,207.9,1.11,0.0136,"Underperforming, High Cost"
2024-04-08,Google Ads,Shopping,SaaS,India,153750,4920,14661.6,117,30000.6,0.032,2.98,125.31,2.05,0.0238,High Cost
2024-06-13,Google Ads,Shopping,E-commerce,India,141455,2673,7537.86,122,19810.32,0.0189,2.82,61.79,2.63,0.0456,
2024-10-05,Google Ads,Video,Fintech,USA,92332,5336,5015.84,213,39347.29,0.0578,0.94,23.55,7.84,0.0399,
2024-09-05,Google Ads,Search,E-commerce,India,90953,4365,13269.6,73,19836.75,0.048,3.04,181.78,1.49,0.0167,"Underperforming, High Cost"
2024-04-12,Google Ads,Search,Healthcare,UAE,57632,1256,2198.0,20,1647.61,0.0218,1.75,109.9,0.75,0.0159,"Underperforming, High Cost"
2024-05-21,Google Ads,Video,SaaS,Germany,30343,743,2266.15,39,7450.31,0.0245,3.05,58.11,3.29,0.0525,
2024-05-31,Google Ads,Display,Healthcare,Germany,18696,327,853.47,8,1284.99,0.0175,2.61,106.68,1.51,0.0245,"Underperforming, High Cost"
2024-04-14,Google Ads,Search,E-commerce,Australia,191372,11711,29043.28,335,75028.42,0.0612,2.48,86.7,2.58,0.0286,High Cost
2024-12-23,Google Ads,Search,Healthcare,UK,186232,9292,22300.8,265,67766.02,0.0499,2.4,84.15,3.04,0.0285,High Cost
2024-05-27,Google Ads,Search,SaaS,Germany,15470,529,634.8,5,1223.76,0.0342,1.2,126.96,1.93,0.0095,"Underperforming, High Cost"
2024-04-05,Google Ads,Display,Healthcare,Australia,91814,2607,6465.36,129,25405.84,0.0284,2.48,50.12,3.93,0.0495,
2024-03-24,Google Ads,Display,EdTech,Australia,96087,3238,9843.52,45,7783.0,0.0337,3.04,218.74,0.79,0.0139,"Underperforming, High Cost"
2024-03-12,Google Ads,Shopping,Fintech,Germany,92943,5037,11383.62,232,64994.16,0.0542,2.26,49.07,5.71,0.0461,
2024-03-25,Google Ads,Video,E-commerce,Germany,146428,2796,6263.04,164,33829.22,0.0191,2.24,38.19,5.4,0.0587,
2024-08-28,Google Ads,Search,Fintech,Germany,151772,6237,6361.74,302,77929.21,0.0411,1.02,21.07,12.25,0.0484,
2024-09-11,Google Ads,Search,EdTech,UAE,100381,5691,4723.53,321,58283.85,0.0567,0.83,14.72,12.34,0.0564,
2024-12-29,Google Ads,Display,SaaS,UAE,133526,4633,14223.31,340,62193.85,0.0347,3.07,41.83,4.37,0.0734,
2024-05-04,Google Ads,Search,Healthcare,UK,106277,6961,20604.56,180,42397.44,0.0655,2.96,114.47,2.06,0.0259,High Cost
2024-01-22,Google Ads,Shopping,Fintech,Australia,153953,5095,14571.7,110,30634.7,0.0331,2.86,132.47,2.1,0.0216,High Cost
2024-11-25,Google Ads,Shopping,EdTech,Canada,107891,3733,8623.23,148,15202.91,0.0346,2.31,58.27,1.76,0.0396,Underperforming
2024-12-24,Google Ads,Search,E-commerce,UAE,104464,4314,9749.64,82,10226.11,0.0413,2.26,118.9,1.05,0.019,"Underperforming, High Cost"
2024-06-03,Google Ads,Video,SaaS,UK,113502,2235,2704.35,34,6126.9,0.0197,1.21,79.54,2.27,0.0152,
2024-09-09,Google Ads,Shopping,Healthcare,Australia,95196,3170,3328.5,170,13047.52,0.0333,1.05,19.58,3.92,0.0536,
2024-01-27,Google Ads,Display,Healthcare,UK,86362,2547,3591.27,164,33307.3,0.0295,1.41,21.9,9.27,0.0644,
2024-06-28,Google Ads,Search,E-commerce,USA,78532,4735,13352.7,310,45765.16,0.0603,2.82,43.07,3.43,0.0655,
2024-03-19,Google Ads,Shopping,Healthcare,Canada,184081,5135,11194.3,96,24545.05,0.0279,2.18,116.61,2.19,0.0187,High Cost
2024-07-23,Google Ads,Video,SaaS,UAE,28667,1338,3880.2,24,3421.56,0.0467,2.9,161.67,0.88,0.0179,"Underperforming, High Cost"
2024-01-21,Google Ads,Display,Healthcare,Australia,154239,7465,23888.0,484,25632.04,0.0484,3.2,49.36,1.07,0.0648,Underperforming
2024-10-28,Google Ads,Search,E-commerce,USA,104456,6403,13510.33,440,111130.68,0.0613,2.11,30.71,8.23,0.0687,
2024-03-10,Google Ads,Display,Fintech,Australia,197459,5667,20174.52,105,17723.39,0.0287,3.56,192.14,0.88,0.0185,"Underperforming, High Cost"
2024-08-01,Google Ads,Display,SaaS,Canada,188490,6879,19536.36,279,18268.77,0.0365,2.84,70.02,0.94,0.0406,Underperforming
2024-05-31,Google Ads,Display,EdTech,Canada,177220,4607,10688.24,114,9297.03,0.026,2.32,93.76,0.87,0.0247,"Underperforming, High Cost"
2024-09-15,Google Ads,Video,E-commerce,Canada,136460,4462,3926.56,322,59937.98,0.0327,0.88,12.19,15.26,0.0722,
2024-09-09,Google Ads,Display,SaaS,India,28068,990,999.9,28,5661.1,0.0353,1.01,35.71,5.66,0.0283,
2024-04-15,Google Ads,Video,Fintech,India,57328,2161,3306.33,99,17903.97,0.0377,1.53,33.4,5.42,0.0458,
2024-02-22,Google Ads,Video,SaaS,India,87570,3415,8776.55,236,46705.85,0.039,2.57,37.19,5.32,0.0691,
2024-11-04,Google Ads,Display,SaaS,Australia,91861,2535,3143.4,137,8299.82,0.0276,1.24,22.94,2.64,0.054,
2024-06-29,Google Ads,Display,EdTech,UK,146332,7184,20115.2,366,40775.67,0.0491,2.8,54.96,2.03,0.0509,
2024-07-28,Google Ads,Display,Fintech,Canada,35702,999,1578.42,15,2820.45,0.028,1.58,105.23,1.79,0.015,"Underperforming, High Cost"
2024-09-01,Google Ads,Shopping,Healthcare,Germany,184976,6270,16678.2,412,40433.91,0.0339,2.66,40.48,2.42,0.0657,
2024-06-10,Google Ads,Search,E-commerce,UAE,119235,5258,5783.8,141,24150.02,0.0441,1.1,41.02,4.18,0.0268,
2024-08-14,Google Ads,Shopping,EdTech,India,127211,3968,10435.84,194,37337.18,0.0312,2.63,53.79,3.58,0.0489,
2024-05-25,Google Ads,Shopping,SaaS,Germany,194928,9161,17222.68,571,17839.23,0.047,1.88,30.16,1.04,0.0623,Underperforming
2024-10-26,Google Ads,Search,E-commerce,Australia,90349,5420,16368.4,105,16913.07,0.06,3.02,155.89,1.03,0.0194,"Underperforming, High Cost"
2024-08-06,Google Ads,Display,Healthcare,USA,54158,3374,2732.94,55,5839.17,0.0623,0.81,49.69,2.14,0.0163,
2024-02-18,Google Ads,Video,Fintech,Canada,165470,4136,3391.52,56,12113.24,0.025,0.82,60.56,3.57,0.0135,
2024-07-03,Google Ads,Video,EdTech,Canada,82604,5146,14820.48,75,11977.45,0.0623,2.88,197.61,0.81,0.0146,"Underperforming, High Cost"
2024-06-25,Google Ads,Display,Healthcare,UAE,162454,4337,6809.09,329,13568.06,0.0267,1.57,20.7,1.99,0.0759,Underperforming
2024-02-16,Google Ads,Video,Healthcare,Australia,83702,3900,8502.0,60,11812.78,0.0466,2.18,141.7,1.39,0.0154,"Underperforming, High Cost"
2024-05-26,Google Ads,Search,Fintech,UAE,88442,2485,7181.65,69,12989.18,0.0281,2.89,104.08,1.81,0.0278,"Underperforming, High Cost"
2024-02-23,Google Ads,Shopping,SaaS,UAE,143723,4254,4849.56,281,41783.61,0.0296,1.14,17.26,8.62,0.0661,
2024-05-10,Google Ads,Video,E-commerce,India,94412,4786,6173.94,343,93767.6,0.0507,1.29,18.0,15.19,0.0717,
2024-05-21,Google Ads,Video,EdTech,UK,56305,1644,2712.6,126,24269.48,0.0292,1.65,21.53,8.95,0.0766,
2024-09-15,Google Ads,Video,SaaS,Germany,127179,5125,11377.5,87,5905.23,0.0403,2.22,130.78,0.52,0.017,"Underperforming, High Cost"
2024-07-18,Google Ads,Shopping,Fintech,USA,20797,846,913.68,56,11660.97,0.0407,1.08,16.32,12.76,0.0662,
2024-04-06,Google Ads,Search,SaaS,Canada,86689,3727,4323.32,276,76876.24,0.043,1.16,15.66,17.78,0.0741,
2024-05-17,Google Ads,Search,Healthcare,USA,159251,9172,26048.48,407,30602.6,0.0576,2.84,64.0,1.17,0.0444,Underperforming
2024-09-16,Google Ads,Video,Fintech,Canada,83466,4089,9241.14,108,12521.2,0.049,2.26,85.57,1.35,0.0264,"Underperforming, High Cost"
2024-03-26,Google Ads,Video,EdTech,Germany,162883,8974,21358.12,292,80812.08,0.0551,2.38,73.14,3.78,0.0325,
2024-06-14,Google Ads,Video,EdTech,USA,40306,1176,999.6,41,11838.48,0.0292,0.85,24.38,11.84,0.0349,
2024-02-16,Google Ads,Search,EdTech,UAE,90794,5638,17477.8,217,54642.18,0.0621,3.1,80.54,3.13,0.0385,
2024-07-17,Google Ads,Shopping,Healthcare,UAE,99805,1936,2710.4,112,29346.97,0.0194,1.4,24.2,10.83,0.0579,
2024-01-30,Google Ads,Search,Fintech,Canada,187156,3986,9526.54,269,34393.23,0.0213,2.39,35.41,3.61,0.0675,
2024-12-16,Google Ads,Search,Fintech,UK,117458,6824,13716.24,251,12200.18,0.0581,2.01,54.65,0.89,0.0368,Underperforming
2024-06-26,Google Ads,Video,SaaS,USA,30169,1523,2193.12,34,8282.71,0.0505,1.44,64.5,3.78,0.0223,
2024-01-25,Google Ads,Search,EdTech,Germany,122959,3553,5933.51,133,11079.66,0.0289,1.67,44.61,1.87,0.0374,Underperforming
2024-12-01,Google Ads,Search,EdTech,USA,177256,4059,8889.21,138,32140.46,0.0229,2.19,64.41,3.62,0.034,
2024-07-02,Google Ads,Display,EdTech,Germany,87481,4181,12041.28,104,28643.42,0.0478,2.88,115.78,2.38,0.0249,High Cost
2024-11-24,Google Ads,Search,SaaS,India,121089,3499,3254.07,185,28042.42,0.0289,0.93,17.59,8.62,0.0529,
2024-05-07,Google Ads,Search,EdTech,Canada,15589,285,336.3,10,1359.76,0.0183,1.18,33.63,4.04,0.0351,
2024-03-25,Google Ads,Shopping,E-commerce,UK,142045,9161,21894.79,525,131680.16,0.0645,2.39,41.7,6.01,0.0573,
2024-10-19,Google Ads,Video,E-commerce,USA,121465,5575,9143.0,273,28769.59,0.0459,1.64,33.49,3.15,0.049,
2024-01-09,Google Ads,Video,Fintech,UK,108510,3721,5246.61,116,23480.01,0.0343,1.41,45.23,4.48,0.0312,
2024-07-10,Google Ads,Shopping,SaaS,USA,73734,1990,1631.8,143,16954.02,0.027,0.82,11.41,10.39,0.0719,
2024-01-27,Google Ads,Search,Fintech,India,79432,4130,9457.7,311,59366.41,0.052,2.29,30.41,6.28,0.0753,
2024-02-25,Google Ads,Video,Fintech,Australia,33695,1277,3677.76,89,25041.09,0.0379,2.88,41.32,6.81,0.0697,
2024-11-02,Google Ads,Search,Healthcare,India,26259,669,943.29,22,2731.41,0.0255,1.41,42.88,2.9,0.0329,
2024-04-15,Google Ads,Video,Fintech,UK,99447,5917,6212.85,195,28481.71,0.0595,1.05,31.86,4.58,0.033,
2024-12-08,Google Ads,Search,SaaS,UK,78635,2587,6079.45,106,21303.72,0.0329,2.35,57.35,3.5,0.041,
2024-09-17,Google Ads,Video,SaaS,Germany,162743,8723,15439.71,106,20056.78,0.0536,1.77,145.66,1.3,0.0122,"Underperforming, High Cost"
2024-08-04,Google Ads,Display,Healthcare,Canada,144494,8409,25563.36,93,20233.22,0.0582,3.04,274.87,0.79,0.0111,"Underperforming, High Cost"
2024-11-09,Google Ads,Search,Fintech,Australia,112549,6640,24368.8,374,21696.69,0.059,3.67,65.16,0.89,0.0563,Underperforming
2024-12-23,Google Ads,Search,E-commerce,USA,148994,7509,25981.14,588,82753.51,0.0504,3.46,44.19,3.19,0.0783,
2024-11-24,Google Ads,Display,Fintech,Canada,87373,3643,3825.15,289,35842.03,0.0417,1.05,13.24,9.37,0.0793,
2024-12-23,Google Ads,Search,Fintech,India,51986,1996,3053.88,82,20819.66,0.0384,1.53,37.24,6.82,0.0411,
2024-03-07,Google Ads,Shopping,E-commerce,USA,20718,426,1128.9,22,1505.14,0.0206,2.65,51.31,1.33,0.0516,Underperforming
2024-05-19,Google Ads,Display,E-commerce,UAE,12644,572,1269.84,36,7362.94,0.0452,2.22,35.27,5.8,0.0629,
2024-07-16,Google Ads,Video,EdTech,Canada,91901,3326,8581.08,261,77117.41,0.0362,2.58,32.88,8.99,0.0785,
2024-03-30,Google Ads,Search,Fintech,Canada,120431,6262,17345.74,188,8830.89,0.052,2.77,92.26,0.51,0.03,"Underperforming, High Cost"
2024-01-23,Google Ads,Search,Fintech,Germany,7948,289,598.23,6,1368.08,0.0364,2.07,99.7,2.29,0.0208,High Cost
2024-03-30,Google Ads,Search,SaaS,Germany,66402,2695,5012.7,199,14266.46,0.0406,1.86,25.19,2.85,0.0738,
2024-08-29,Google Ads,Display,EdTech,Canada,96676,5326,8894.42,355,14113.5,0.0551,1.67,25.05,1.59,0.0667,Underperforming
2024-03-30,Google Ads,Search,SaaS,UK,23936,1211,3269.7,49,7236.18,0.0506,2.7,66.73,2.21,0.0405,
2024-03-29,Google Ads,Shopping,Fintech,Australia,165805,9832,27136.32,509,143237.84,0.0593,2.76,53.31,5.28,0.0518,
2024-01-19,Google Ads,Search,Healthcare,UAE,82764,2276,2071.16,130,22792.2,0.0275,0.91,15.93,11.0,0.0571,
2024-07-08,Google Ads,Search,Fintech,Australia,188420,9364,24814.6,324,68719.44,0.0497,2.65,76.59,2.77,0.0346,
2024-02-20,Google Ads,Shopping,Fintech,UK,89431,3300,4851.0,56,9891.88,0.0369,1.47,86.62,2.04,0.017,High Cost
2024-01-04,Google Ads,Display,E-commerce,USA,52897,1883,5215.91,108,5473.28,0.0356,2.77,48.3,1.05,0.0574,Underperforming
2024-06-09,Google Ads,Shopping,SaaS,UK,83334,3341,5779.93,256,32514.9,0.0401,1.73,22.58,5.63,0.0766,
2024-07-10,Google Ads,Video,SaaS,USA,158514,4565,9769.1,235,15388.32,0.0288,2.14,41.57,1.58,0.0515,Underperforming
2024-02-02,Google Ads,Video,SaaS,Canada,44420,1066,3880.24,44,2655.91,0.024,3.64,88.19,0.68,0.0413,"Underperforming, High Cost"
2024-11-26,Google Ads,Video,EdTech,UAE,80511,3622,12025.04,140,31780.44,0.045,3.32,85.89,2.64,0.0387,High Cost
2024-06-26,Google Ads,Shopping,E-commerce,UK,143944,7873,16612.03,513,65899.82,0.0547,2.11,32.38,3.97,0.0652,
2024-11-13,Google Ads,Display,E-commerce,Australia,17299,479,929.26,30,3163.73,0.0277,1.94,30.98,3.4,0.0626,
2024-03-14,Google Ads,Video,E-commerce,India,37135,1006,1931.52,62,17772.87,0.0271,1.92,31.15,9.2,0.0616,
2024-11-23,Google Ads,Display,EdTech,UAE,80542,4236,9107.4,104,15932.35,0.0526,2.15,87.57,1.75,0.0246,"Underperforming, High Cost"
2024-04-03,Google Ads,Shopping,E-commerce,Australia,112992,2802,8406.0,124,7395.68,0.0248,3.0,67.79,0.88,0.0443,Underperforming
2024-10-14,Google Ads,Video,E-commerce,UK,116011,2726,5342.96,127,4188.78,0.0235,1.96,42.07,0.78,0.0466,Underperforming
2024-12-15,Google Ads,Video,EdTech,UAE,132953,8163,22529.88,130,16572.4,0.0614,2.76,173.31,0.74,0.0159,"Underperforming, High Cost"
2024-04-05,Google Ads,Display,Healthcare,India,175949,7108,17343.52,75,22062.99,0.0404,2.44,231.25,1.27,0.0106,"Underperforming, High Cost"
2024-11-11,Google Ads,Video,Healthcare,UAE,90096,4784,15165.28,310,81015.37,0.0531,3.17,48.92,5.34,0.0648,
2024-02-13,Google Ads,Video,E-commerce,UK,48766,1731,1800.24,44,12477.84,0.0355,1.04,40.91,6.93,0.0254,
2024-10-13,Google Ads,Search,E-commerce,India,197557,4326,5104.68,259,39016.05,0.0219,1.18,19.71,7.64,0.0599,
2024-05-14,Google Ads,Video,E-commerce,Canada,96178,4328,14542.08,275,37193.1,0.045,3.36,52.88,2.56,0.0635,
2024-08-22,Google Ads,Display,EdTech,Australia,89124,2664,3303.36,198,52262.98,0.0299,1.24,16.68,15.82,0.0743,
2024-12-13,Google Ads,Video,Fintech,India,126404,2073,1907.16,24,3807.61,0.0164,0.92,79.46,2.0,0.0116,
2024-06-01,Google Ads,Shopping,SaaS,UAE,154088,9106,29503.44,294,42565.78,0.0591,3.24,100.35,1.44,0.0323,"Underperforming, High Cost"
2024-09-03,Google Ads,Search,E-commerce,India,144911,7897,12872.11,555,21004.5,0.0545,1.63,23.19,1.63,0.0703,Underperforming
2024-10-22,Google Ads,Search,Fintech,UAE,180634,7821,17284.41,581,136556.31,0.0433,2.21,29.75,7.9,0.0743,
2024-08-02,Google Ads,Search,E-commerce,USA,28553,850,1751.0,51,13010.72,0.0298,2.06,34.33,7.43,0.06,
